game,sea_year,date,opponent,nd_rank,opp_rank,head_coach,result,nd_score,opp_score,month,day,year,site,opp_w,opp_l,opp_t,div-1A
3,1899,10/4/1899,Chicago,,,James McWeeney,L,6,23,10,4,1899,Away,8,0,2,1
5,1899,10/18/1899,Michigan,,,James McWeeney,L,0,12,10,18,1899,Away,8,2,0,1
9,1899,11/18/1899,Purdue,,,James McWeeney,T,10,10,11,18,1899,Away,4,4,1,1
15,1900,10/25/1900,Indiana,,,Patrick O' Dea,L,0,6,10,25,1900,Away,4,2,2,1
17,1900,11/10/1900,Wisconsin,,,Patrick O' Dea,L,0,54,11,10,1900,Away,8,1,0,1
18,1900,11/17/1900,Michigan,,,Patrick O' Dea,L,0,7,11,17,1900,Away,8,2,1,1
22,1901,10/5/1901,Ohio Medical,,,Patrick O' Dea,W,6,0,10,5,1901,Away,1,9,0,0
23,1901,10/12/1901,Northwestern,,,Patrick O' Dea,L,0,2,10,12,1901,Away,8,2,1,1
25,1901,10/26/1901,Beloit,,,Patrick O' Dea,W,5,0,10,26,1901,Away,5,3,3,1
34,1902,10/25/1902,Indiana,,,James Faragher,W,11,5,10,25,1902,Away,3,5,1,1
35,1902,11/1/1902,Ohio Medical,,,James Faragher,W,6,5,11,1,1902,Away,1,9,0,0
39,1902,11/27/1902,Purdue,,,James Faragher,T,6,6,11,27,1902,Away,7,2,1,1
43,1904,10/22/1904,Ohio Medical,,,Louis Salmon,W,17,5,10,22,1904,Away,1,9,0,0
45,1904,11/5/1904,Kansas,,,Louis Salmon,L,5,24,11,5,1904,Away,8,1,1,1
47,1904,11/24/1904,Purdue,,,Louis Salmon,L,0,36,11,24,1904,Away,9,3,0,1
54,1905,11/11/1905,Indiana,,,Henry McGlew,L,5,22,11,11,1905,Away,8,1,1,1
56,1905,11/24/1905,Purdue,,,Henry McGlew,L,0,32,11,24,1905,Away,6,1,1,1
60,1913,11/1/1913,Army,,,Jesse Harper,W,35,13,11,1,1913,Away,8,1,0,1
61,1913,11/7/1913,Penn State,,,Jesse Harper,W,14,7,11,7,1913,Away,2,6,0,1
62,1913,11/22/1913,Christian Brothers,,,Jesse Harper,W,20,7,11,22,1913,Away,1,9,0,0
63,1913,11/27/1913,Texas,,,Jesse Harper,W,30,7,11,27,1913,Away,7,1,0,1
66,1914,10/17/1914,Yale,,,Jesse Harper,L,0,28,10,17,1914,Away,7,2,0,1
69,1914,11/7/1914,Army,,,Jesse Harper,L,7,20,11,7,1914,Away,9,0,0,1
71,1914,11/26/1914,Syracuse,,,Jesse Harper,W,20,0,11,26,1914,Away,5,3,2,1
74,1915,10/23/1915,Nebraska,,,Jesse Harper,L,19,20,10,23,1915,Away,8,0,0,1
76,1915,11/6/1915,Army,,,Jesse Harper,W,7,0,11,6,1915,Away,5,3,1,1
77,1915,11/13/1915,Creighton,,,Jesse Harper,W,41,0,11,13,1915,Away,1,9,0,0
78,1915,11/25/1915,Texas,,,Jesse Harper,W,36,7,11,25,1915,Away,6,3,0,1
79,1915,11/27/1915,Rice,,,Jesse Harper,W,55,2,11,27,1915,Away,5,3,0,1
81,1916,10/7/1916,Western Reserve,,,Jesse Harper,W,48,0,10,7,1916,Away,1,9,0,0
84,1916,11/4/1916,Army,,,Jesse Harper,L,10,30,11,4,1916,Away,9,0,0,1
86,1916,11/18/1916,Michigan State,,,Jesse Harper,W,14,0,11,18,1916,Away,1,9,0,0
88,1916,11/30/1916,Nebraska,,,Jesse Harper,W,20,0,11,30,1916,Away,6,2,0,1
90,1917,10/13/1917,Wisconsin,,,Jesse Harper,T,0,0,10,13,1917,Away,4,2,1,1
91,1917,10/20/1917,Nebraska,,,Jesse Harper,L,0,7,10,20,1917,Away,5,2,0,1
93,1917,11/3/1917,Army,,,Jesse Harper,W,7,2,11,3,1917,Away,7,1,0,1
94,1917,11/10/1917,Morningside,,,Jesse Harper,W,13,0,11,10,1917,Away,1,9,0,0
96,1917,11/24/1917,Washington & Jefferson,,,Jesse Harper,W,3,0,11,24,1917,Away,7,3,0,1
97,1918,9/28/1918,Case,,,Knute Rockne,W,26,6,9,28,1918,Away,1,9,0,0
98,1918,11/2/1918,Wabash,,,Knute Rockne,W,67,7,11,2,1918,Away,1,9,0,0
100,1918,11/16/1918,Michigan State,,,Knute Rockne,L,7,13,11,16,1918,Away,4,3,0,1
101,1918,11/23/1918,Purdue,,,Knute Rockne,W,26,6,11,23,1918,Away,3,3,0,1
102,1918,11/28/1918,Nebraska,,,Knute Rockne,T,0,0,11,28,1918,Away,2,3,1,1
105,1919,10/18/1919,Nebraska,,,Knute Rockne,W,14,9,10,18,1919,Away,3,3,2,1
108,1919,11/8/1919,Army,,,Knute Rockne,W,12,9,11,8,1919,Away,6,3,0,1
110,1919,11/22/1919,Purdue,,,Knute Rockne,W,33,13,11,22,1919,Away,2,4,1,1
111,1919,11/27/1919,Morningside,,,Knute Rockne,W,14,6,11,27,1919,Away,1,9,0,0
114,1920,10/16/1920,Nebraska,,,Knute Rockne,W,16,7,10,16,1920,Away,5,3,1,1
116,1920,10/30/1920,Army,,,Knute Rockne,W,27,17,10,30,1920,Away,1,9,0,0
119,1920,11/20/1920,Northwestern,,,Knute Rockne,W,33,7,11,20,1920,Away,3,4,0,1
120,1920,11/25/1920,Michigan State,,,Knute Rockne,W,25,0,11,25,1920,Away,1,9,0,0
123,1921,10/8/1921,Iowa,,,Knute Rockne,L,7,10,10,8,1921,Away,7,0,0,1
124,1921,10/15/1921,Purdue,,,Knute Rockne,W,33,0,10,15,1921,Away,1,6,0,1
127,1921,11/5/1921,Army,,,Knute Rockne,W,28,0,11,5,1921,Away,1,9,0,0
130,1921,11/19/1921,Marquette,,,Knute Rockne,W,21,7,11,19,1921,Away,1,9,0,0
134,1922,10/14/1922,Purdue,,,Knute Rockne,W,20,0,10,14,1922,Away,1,5,1,1
136,1922,10/28/1922,Georgia Tech,,,Knute Rockne,W,13,3,10,28,1922,Away,7,2,0,1
138,1922,11/11/1922,Army,,,Knute Rockne,T,0,0,11,11,1922,Away,8,0,2,1
139,1922,11/18/1922,Butler,,,Knute Rockne,W,31,3,11,18,1922,Away,1,9,0,0
140,1922,11/25/1922,Carnegie Tech,,,Knute Rockne,W,19,0,11,25,1922,Away,5,3,1,1
141,1922,11/30/1922,Nebraska,,,Knute Rockne,L,6,14,11,30,1922,Away,7,1,0,1
145,1923,10/20/1923,Princeton,,,Knute Rockne,W,25,2,10,20,1923,Away,3,3,1,1
148,1923,11/10/1923,Nebraska,,,Knute Rockne,L,7,14,11,10,1923,Away,4,2,2,1
150,1923,11/24/1923,Carnegie Tech,,,Knute Rockne,W,26,0,11,24,1923,Away,4,3,1,1
151,1923,11/29/1923,St. Louis,,,Knute Rockne,W,13,0,11,29,1923,Away,1,9,0,0
155,1924,10/25/1924,Princeton,,,Knute Rockne,W,12,0,10,25,1924,Away,4,2,1,1
157,1924,11/8/1924,Wisconsin,,,Knute Rockne,W,38,3,11,8,1924,Away,2,3,3,1
160,1924,11/29/1924,Carnegie Tech,,,Knute Rockne,W,40,19,11,29,1924,Away,5,4,0,1
166,1925,10/24/1925,Minnesota,,,Knute Rockne,W,19,7,10,24,1925,Away,5,2,1,1
167,1925,10/31/1925,Georgia Tech,,,Knute Rockne,W,13,0,10,31,1925,Away,6,2,1,1
168,1925,11/7/1925,Penn State,,,Knute Rockne,T,0,0,11,7,1925,Away,4,4,2,1
171,1925,11/26/1925,Nebraska,,,Knute Rockne,L,0,17,11,26,1925,Away,4,2,2,1
173,1926,10/9/1926,Minnesota,,,Knute Rockne,W,20,7,10,9,1926,Away,5,3,0,1
175,1926,10/23/1926,Northwestern,,,Knute Rockne,W,6,0,10,23,1926,Away,7,1,0,1
180,1926,11/27/1926,Carnegie Tech,,,Knute Rockne,L,0,19,11,27,1926,Away,7,2,0,1
181,1926,12/4/1926,Southern California,,,Knute Rockne,W,13,12,12,4,1926,Away,8,2,0,1
183,1927,10/8/1927,Detroit Mercy,,,Knute Rockne,W,20,0,10,8,1927,Away,7,2,0,1
185,1927,10/22/1927,Indiana,,,Knute Rockne,W,19,6,10,22,1927,Away,3,4,1,1
189,1927,11/19/1927,Drake,,,Knute Rockne,W,32,0,11,19,1927,Away,3,6,0,1
192,1928,10/6/1928,Wisconsin,,,Knute Rockne,L,6,22,10,6,1928,Away,7,1,1,1
194,1928,10/20/1928,Georgia Tech,,,Knute Rockne,L,0,13,10,20,1928,Away,10,0,0,1
199,1928,12/1/1928,Southern California,,,Knute Rockne,L,14,27,12,1,1928,Away,9,0,1,1
200,1929,10/5/1929,Indiana,,,Knute Rockne,W,14,0,10,5,1929,Away,2,6,1,1
203,1929,10/26/1929,Carnegie Tech,,,Knute Rockne,W,7,0,10,26,1929,Away,5,3,1,1
204,1929,11/2/1929,Georgia Tech,,,Knute Rockne,W,26,6,11,2,1929,Away,3,6,0,1
207,1929,11/23/1929,Northwestern,,,Knute Rockne,W,26,6,11,23,1929,Away,6,3,0,1
212,1930,10/25/1930,Pittsburgh,,,Knute Rockne,W,35,19,10,25,1930,Away,6,2,1,1
214,1930,11/8/1930,Pennsylvania,,,Knute Rockne,W,60,20,11,8,1930,Away,5,4,0,1
216,1930,11/22/1930,Northwestern,,,Knute Rockne,W,14,0,11,22,1930,Away,7,1,0,1
218,1930,12/6/1930,Southern California,,,Knute Rockne,W,27,0,12,6,1930,Away,8,2,0,1
219,1931,10/3/1931,Indiana,,,Hunk Anderson,W,25,0,10,3,1931,Away,2,5,1,1
223,1931,10/31/1931,Carnegie Tech,,,Hunk Anderson,W,19,0,10,31,1931,Away,3,5,1,1
231,1932,10/29/1932,Pittsburgh,,,Hunk Anderson,L,0,12,10,29,1932,Away,8,1,2,1
232,1932,11/5/1932,Kansas,,,Hunk Anderson,W,24,6,11,5,1932,Away,5,3,0,1
236,1932,12/10/1932,Southern California,,,Hunk Anderson,L,0,13,12,10,1932,Away,10,0,0,1
238,1933,10/14/1933,Indiana,,,Hunk Anderson,W,12,2,10,14,1933,Away,1,5,2,1
239,1933,10/21/1933,Carnegie Tech,,,Hunk Anderson,L,0,7,10,21,1933,Away,4,3,2,1
243,1933,11/18/1933,Northwestern,,,Hunk Anderson,W,7,0,11,18,1933,Away,1,5,2,1
250,1934,11/3/1934,Pittsburgh,,,Elmer Layden,L,0,19,11,3,1934,Away,8,1,0,1
252,1934,11/17/1934,Northwestern,,,Elmer Layden,W,20,7,11,17,1934,Away,3,5,0,1
254,1934,12/8/1934,Southern California,,,Elmer Layden,W,14,0,12,8,1934,Away,4,6,1,1
256,1935,10/5/1935,Carnegie Tech,,,Elmer Layden,W,14,3,10,5,1935,Away,2,5,1,1
257,1935,10/12/1935,Wisconsin,,,Elmer Layden,W,27,0,10,12,1935,Away,1,7,0,1
260,1935,11/2/1935,Ohio State,,,Elmer Layden,W,18,13,11,2,1935,Away,7,1,0,1
267,1936,10/24/1936,Pittsburgh,7,9,Elmer Layden,L,0,26,10,24,1936,Away,8,1,1,1
272,1936,12/5/1936,Southern California,9,,Elmer Layden,T,13,13,12,5,1936,Away,4,2,3,1
274,1937,10/9/1937,Illinois,,,Elmer Layden,T,0,0,10,9,1937,Away,3,3,2,1
275,1937,10/16/1937,Carnegie Tech,,,Elmer Layden,L,7,9,10,16,1937,Away,2,5,1,1
277,1937,10/30/1937,Minnesota,,4,Elmer Layden,W,7,6,10,30,1937,Away,6,2,0,1
280,1937,11/20/1937,Northwestern,12,,Elmer Layden,W,7,0,11,20,1937,Away,4,4,0,1
283,1938,10/8/1938,Georgia Tech,,,Elmer Layden,W,14,6,10,8,1938,Away,3,4,3,1
289,1938,11/19/1938,Northwestern,1,16,Elmer Layden,W,9,7,11,19,1938,Away,4,2,2,1
290,1938,12/3/1938,Southern California,1,8,Elmer Layden,L,0,13,12,3,1938,Away,9,2,0,1
295,1939,10/28/1939,Carnegie Tech,2,,Elmer Layden,W,7,6,10,28,1939,Away,3,5,0,1
297,1939,11/11/1939,Iowa,3,,Elmer Layden,L,6,7,11,11,1939,Away,6,1,1,1
303,1940,10/26/1940,Illinois,2,,Elmer Layden,W,26,0,10,26,1940,Away,1,7,0,1
307,1940,11/23/1940,Northwestern,14,10,Elmer Layden,L,0,20,11,23,1940,Away,6,2,0,1
308,1940,12/7/1940,Southern California,,,Elmer Layden,W,10,6,12,7,1940,Away,3,4,2,1
311,1941,10/11/1941,Georgia Tech,,,Frank Leahy,W,20,0,10,11,1941,Away,3,6,0,1
312,1941,10/18/1941,Carnegie Tech,8,,Frank Leahy,W,16,0,10,18,1941,Away,1,9,0,0
316,1941,11/15/1941,Northwestern,5,8,Frank Leahy,W,7,6,11,15,1941,Away,5,3,0,1
318,1942,9/26/1942,Wisconsin,,,Frank Leahy,T,7,7,9,26,1942,Away,8,1,1,1
322,1942,10/24/1942,Illinois,8,5,Frank Leahy,W,21,14,10,24,1942,Away,6,4,0,1
327,1942,11/28/1942,Southern California,8,14,Frank Leahy,W,13,0,11,28,1942,Away,5,5,1,1
329,1943,9/25/1943,Pittsburgh,,,Frank Leahy,W,41,0,9,25,1943,Away,3,5,0,1
331,1943,10/9/1943,Michigan,1,2,Frank Leahy,W,35,12,10,9,1943,Away,8,1,0,1
332,1943,10/16/1943,Wisconsin,1,,Frank Leahy,W,50,0,10,16,1943,Away,1,9,0,1
336,1943,11/13/1943,Northwestern,1,8,Frank Leahy,W,25,6,11,13,1943,Away,6,2,0,1
339,1944,9/30/1944,Pittsburgh,,,Ed McKeever,W,58,0,9,30,1944,Away,4,5,0,1
343,1944,10/28/1944,Illinois,1,14,Ed McKeever,W,13,7,10,28,1944,Away,5,4,1,1
347,1944,11/25/1944,Georgia Tech,18,10,Ed McKeever,W,21,0,11,25,1944,Away,8,3,0,1
350,1945,10/6/1945,Georgia Tech,,,Hugh Devore,W,40,7,10,6,1945,Away,4,6,0,1
352,1945,10/20/1945,Pittsburgh,3,,Hugh Devore,W,39,9,10,20,1945,Away,3,7,0,1
356,1945,11/17/1945,Northwestern,7,,Hugh Devore,W,34,7,11,17,1945,Away,4,4,1,1
357,1945,11/24/1945,Tulane,5,,Hugh Devore,W,32,6,11,24,1945,Away,2,6,1,1
358,1945,12/1/1945,Great Lakes Navy,5,,Hugh Devore,L,7,39,12,1,1945,Away,6,4,1,1
359,1946,9/28/1946,Illinois,,,Frank Leahy,W,26,6,9,28,1946,Away,8,2,0,1
362,1946,10/26/1946,Iowa,2,17,Frank Leahy,W,41,6,10,26,1946,Away,5,4,0,1
366,1946,11/23/1946,Tulane,2,,Frank Leahy,W,41,0,11,23,1946,Away,3,7,0,1
368,1947,10/4/1947,Pittsburgh,,,Frank Leahy,W,40,6,10,4,1947,Away,1,8,0,1
369,1947,10/11/1947,Purdue,1,,Frank Leahy,W,22,7,10,11,1947,Away,5,4,0,1
374,1947,11/15/1947,Northwestern,1,,Frank Leahy,W,26,19,11,15,1947,Away,3,6,0,1
376,1947,12/6/1947,Southern California,1,3,Frank Leahy,W,38,7,12,6,1947,Away,7,2,1,1
378,1948,10/2/1948,Pittsburgh,,,Frank Leahy,W,40,0,10,2,1948,Away,6,3,0,1
380,1948,10/16/1948,Nebraska,2,,Frank Leahy,W,44,13,10,16,1948,Away,2,8,0,1
381,1948,10/23/1948,Iowa,2,,Frank Leahy,W,27,12,10,23,1948,Away,4,5,0,1
383,1948,11/6/1948,Indiana,1,,Frank Leahy,W,42,6,11,6,1948,Away,2,7,0,1
386,1948,12/4/1948,Southern California,2,,Frank Leahy,T,14,14,12,4,1948,Away,6,3,1,1
388,1949,10/1/1949,Washington,,,Frank Leahy,W,27,7,10,1,1949,Away,3,7,0,1
389,1949,10/8/1949,Purdue,2,,Frank Leahy,W,35,12,10,8,1949,Away,4,5,0,1
392,1949,11/5/1949,Michigan State,1,10,Frank Leahy,W,34,21,11,5,1949,Away,6,3,0,1
396,1949,12/3/1949,Southern Methodist,1,,Frank Leahy,W,27,20,12,3,1949,Away,5,4,1,1
399,1950,10/14/1950,Tulane,10,,Frank Leahy,W,13,9,10,14,1950,Away,6,2,1,1
400,1950,10/21/1950,Indiana,11,,Frank Leahy,L,7,20,10,21,1950,Away,3,5,1,1
404,1950,11/18/1950,Iowa,,,Frank Leahy,T,14,14,11,18,1950,Away,3,5,1,1
405,1950,12/2/1950,Southern California,,,Frank Leahy,L,7,9,12,2,1950,Away,2,5,2,1
409,1951,10/20/1951,Pittsburgh,,,Frank Leahy,W,33,0,10,20,1951,Away,3,7,0,1
412,1951,11/10/1951,Michigan State,11,5,Frank Leahy,L,0,35,11,10,1951,Away,9,0,0,1
413,1951,11/17/1951,North Carolina,,,Frank Leahy,W,12,7,11,17,1951,Away,2,8,0,1
415,1951,12/1/1951,Southern California,,20,Frank Leahy,W,19,12,12,1,1951,Away,7,3,0,1
416,1952,9/27/1952,Pennsylvania,10,12,Frank Leahy,T,7,7,9,27,1952,Away,4,3,2,1
417,1952,10/4/1952,Texas,19,5,Frank Leahy,W,14,3,10,4,1952,Away,8,2,0,1
419,1952,10/18/1952,Purdue,,9,Frank Leahy,W,26,14,10,18,1952,Away,4,3,2,1
423,1952,11/15/1952,Michigan State,6,1,Frank Leahy,L,3,21,11,15,1952,Away,9,0,0,1
424,1952,11/22/1952,Iowa,9,,Frank Leahy,W,27,0,11,22,1952,Away,2,7,0,1
426,1953,9/26/1953,Oklahoma,1,6,Frank Leahy,W,28,21,9,26,1953,Away,9,1,1,1
427,1953,10/3/1953,Purdue,1,,Frank Leahy,W,37,7,10,3,1953,Away,2,7,0,1
431,1953,11/7/1953,Pennsylvania,1,,Frank Leahy,W,28,20,11,7,1953,Away,3,5,1,1
432,1953,11/14/1953,North Carolina,1,,Frank Leahy,W,34,14,11,14,1953,Away,4,6,0,1
434,1953,11/28/1953,Southern California,2,20,Frank Leahy,W,48,14,11,28,1953,Away,6,3,1,1
438,1954,10/9/1954,Pittsburgh,8,,Terry Brennan,W,33,0,10,9,1954,Away,4,5,0,1
441,1954,11/6/1954,Pennsylvania,5,,Terry Brennan,W,42,7,11,6,1954,Away,0,9,0,1
443,1954,11/20/1954,Iowa,4,19,Terry Brennan,W,34,18,11,20,1954,Away,5,4,0,1
445,1954,12/4/1954,Southern Methodist,4,,Terry Brennan,W,26,14,12,4,1954,Away,6,3,1,1
448,1955,10/7/1955,Miami,5,15,Terry Brennan,W,14,0,10,7,1955,Away,6,3,0,1
449,1955,10/15/1955,Michigan State,4,13,Terry Brennan,L,7,21,10,15,1955,Away,9,1,0,1
450,1955,10/22/1955,Purdue,11,,Terry Brennan,W,22,7,10,22,1955,Away,5,3,1,1
452,1955,11/5/1955,Pennsylvania,6,,Terry Brennan,W,46,14,11,5,1955,Away,0,9,0,1
453,1955,11/12/1955,North Carolina,5,,Terry Brennan,W,27,7,11,12,1955,Away,3,7,0,1
455,1955,11/26/1955,Southern California,5,,Terry Brennan,L,20,42,11,26,1955,Away,6,4,0,1
456,1956,9/22/1956,Southern Methodist,3,,Terry Brennan,L,13,19,9,22,1956,Away,4,6,0,1
462,1956,11/10/1956,Pittsburgh,,20,Terry Brennan,L,13,26,11,10,1956,Away,7,3,1,1
464,1956,11/24/1956,Iowa,,3,Terry Brennan,L,8,48,11,24,1956,Away,9,1,0,1
465,1956,12/1/1956,Southern California,,17,Terry Brennan,L,20,28,12,1,1956,Away,8,2,0,1
466,1957,9/28/1957,Purdue,,,Terry Brennan,W,12,0,9,28,1957,Away,5,4,0,1
471,1957,11/9/1957,Michigan State,15,4,Terry Brennan,L,6,34,11,9,1957,Away,8,1,0,1
472,1957,11/16/1957,Oklahoma,,2,Terry Brennan,W,7,0,11,16,1957,Away,10,1,0,1
475,1957,12/7/1957,Southern Methodist,12,,Terry Brennan,W,54,21,12,7,1957,Away,4,5,1,1
477,1958,10/4/1958,Southern Methodist,7,17,Terry Brennan,W,14,6,10,4,1958,Away,6,4,0,1
482,1958,11/8/1958,Pittsburgh,14,,Terry Brennan,L,26,29,11,8,1958,Away,5,4,1,1
484,1958,11/22/1958,Iowa,15,6,Terry Brennan,L,21,31,11,22,1958,Away,8,1,1,1
485,1958,11/29/1958,Southern California,18,,Terry Brennan,W,20,13,11,29,1958,Away,4,5,1,1
487,1959,10/3/1959,Purdue,8,,Joe Kuharich,L,7,28,10,3,1959,Away,5,2,2,1
488,1959,10/10/1959,California,,,Joe Kuharich,W,28,6,10,10,1959,Away,2,8,0,1
489,1959,10/17/1959,Michigan State,,,Joe Kuharich,L,0,19,10,17,1959,Away,5,4,0,1
493,1959,11/14/1959,Pittsburgh,,,Joe Kuharich,L,13,28,11,14,1959,Away,6,4,0,1
494,1959,11/21/1959,Iowa,,16,Joe Kuharich,W,20,19,11,21,1959,Away,5,4,0,1
498,1960,10/8/1960,North Carolina,,,Joe Kuharich,L,7,12,10,8,1960,Away,3,7,0,1
500,1960,10/22/1960,Northwestern,,,Joe Kuharich,L,6,7,10,22,1960,Away,5,4,0,1
503,1960,11/12/1960,Miami,,,Joe Kuharich,L,21,28,11,12,1960,Away,6,4,0,1
505,1960,11/26/1960,Southern California,,,Joe Kuharich,W,17,0,11,26,1960,Away,4,6,0,1
507,1961,10/7/1961,Purdue,,,Joe Kuharich,W,22,20,10,7,1961,Away,6,3,0,1
509,1961,10/21/1961,Michigan State,6,1,Joe Kuharich,L,7,17,10,21,1961,Away,7,2,0,1
512,1961,11/11/1961,Pittsburgh,,,Joe Kuharich,W,26,20,11,11,1961,Away,3,7,0,1
514,1961,11/25/1961,Iowa,,,Joe Kuharich,L,21,42,11,25,1961,Away,5,4,0,1
515,1961,12/2/1961,Duke,,,Joe Kuharich,L,13,37,12,2,1961,Away,7,3,0,1
516,1962,9/29/1962,Oklahoma,,,Joe Kuharich,W,13,7,9,29,1962,Away,8,3,0,1
518,1962,10/13/1962,Wisconsin,,,Joe Kuharich,L,8,17,10,13,1962,Away,8,2,0,1
520,1962,10/27/1962,Northwestern,,3,Joe Kuharich,L,6,35,10,27,1962,Away,7,2,0,1
525,1962,12/1/1962,Southern California,,1,Joe Kuharich,L,0,25,12,1,1962,Away,11,0,0,1
527,1963,10/5/1963,Purdue,,,Hugh Devore,L,6,7,10,5,1963,Away,5,4,0,1
530,1963,10/26/1963,Stanford,,,Hugh Devore,L,14,24,10,26,1963,Away,3,7,0,1
533,1963,11/16/1963,Michigan State,,4,Hugh Devore,L,7,12,11,16,1963,Away,6,2,1,1
535,1964,9/26/1964,Wisconsin,,,Ara Parseghian,W,31,7,9,26,1964,Away,3,6,0,1
537,1964,10/10/1964,Air Force,6,,Ara Parseghian,W,34,7,10,10,1964,Away,4,5,1,1
541,1964,11/7/1964,Pittsburgh,1,,Ara Parseghian,W,17,15,11,7,1964,Away,3,5,2,1
544,1964,11/28/1964,Southern California,1,,Ara Parseghian,L,17,20,11,28,1964,Away,7,3,0,1
545,1965,9/18/1965,California,3,,Ara Parseghian,W,48,6,9,18,1965,Away,5,5,0,1
546,1965,9/25/1965,Purdue,1,6,Ara Parseghian,L,21,25,9,25,1965,Away,7,2,1,1
551,1965,11/6/1965,Pittsburgh,4,,Ara Parseghian,W,69,13,11,6,1965,Away,3,7,0,1
554,1965,11/27/1965,Miami,6,,Ara Parseghian,T,0,0,11,27,1965,Away,5,4,1,1
556,1966,10/1/1966,Northwestern,4,,Ara Parseghian,W,35,7,10,1,1966,Away,3,6,1,1
559,1966,10/22/1966,Oklahoma,1,10,Ara Parseghian,W,38,0,10,22,1966,Away,6,4,0,1
563,1966,11/19/1966,Michigan State,1,2,Ara Parseghian,T,10,10,11,19,1966,Away,9,0,1,1
564,1966,11/26/1966,Southern California,1,10,Ara Parseghian,W,51,0,11,26,1966,Away,7,4,0,1
566,1967,9/30/1967,Purdue,1,10,Ara Parseghian,L,21,28,9,30,1967,Away,8,2,0,1
569,1967,10/21/1967,Illinois,,,Ara Parseghian,W,47,7,10,21,1967,Away,4,6,0,1
572,1967,11/11/1967,Pittsburgh,9,,Ara Parseghian,W,38,0,11,11,1967,Away,1,9,0,1
573,1967,11/18/1967,Georgia Tech,9,,Ara Parseghian,W,36,3,11,18,1967,Away,4,6,0,1
574,1967,11/24/1967,Miami,6,,Ara Parseghian,W,24,22,11,24,1967,Away,7,4,0,1
577,1968,10/5/1968,Iowa,5,,Ara Parseghian,W,51,28,10,5,1968,Away,5,5,0,1
580,1968,10/26/1968,Michigan State,5,,Ara Parseghian,L,17,21,10,26,1968,Away,5,5,0,1
584,1968,11/30/1968,Southern California,9,2,Ara Parseghian,T,21,21,11,30,1968,Away,9,1,1,1
586,1969,9/27/1969,Purdue,9,16,Ara Parseghian,L,14,28,9,27,1969,Away,8,2,0,1
590,1969,10/25/1969,Tulane,12,,Ara Parseghian,W,37,0,10,25,1969,Away,3,7,0,1
592,1969,11/8/1969,Pittsburgh,8,,Ara Parseghian,W,49,7,11,8,1969,Away,4,6,0,1
593,1969,11/15/1969,Georgia Tech,9,,Ara Parseghian,W,38,20,11,15,1969,Away,4,6,0,1
596,1970,9/19/1970,Northwestern,6,,Ara Parseghian,W,35,14,9,19,1970,Away,6,4,0,1
598,1970,10/3/1970,Michigan State,4,,Ara Parseghian,W,29,0,10,3,1970,Away,4,6,0,1
600,1970,10/17/1970,Missouri,3,18,Ara Parseghian,W,24,7,10,17,1970,Away,5,6,0,1
605,1970,11/28/1970,Southern California,4,,Ara Parseghian,L,28,38,11,28,1970,Away,6,4,1,1
608,1971,9/25/1971,Purdue,2,,Ara Parseghian,W,8,7,9,25,1971,Away,3,7,0,1
610,1971,10/9/1971,Miami,7,,Ara Parseghian,W,17,0,10,9,1971,Away,4,7,0,1
614,1971,11/6/1971,Pittsburgh,8,,Ara Parseghian,W,56,7,11,6,1971,Away,3,8,0,1
616,1971,11/20/1971,Louisiana State,7,14,Ara Parseghian,L,8,28,11,20,1971,Away,9,3,0,1
617,1972,9/23/1972,Northwestern,13,,Ara Parseghian,W,37,0,9,23,1972,Away,2,9,0,1
619,1972,10/7/1972,Michigan State,7,,Ara Parseghian,W,16,0,10,7,1972,Away,5,5,1,1
624,1972,11/11/1972,Air Force,12,,Ara Parseghian,W,21,7,11,11,1972,Away,6,4,0,1
626,1972,12/2/1972,Southern California,10,1,Ara Parseghian,L,23,45,12,2,1972,Away,12,0,0,1
629,1973,9/29/1973,Purdue,7,,Ara Parseghian,W,20,7,9,29,1973,Away,5,6,0,1
631,1973,10/13/1973,Rice,9,,Ara Parseghian,W,28,0,10,13,1973,Away,5,6,0,1
632,1973,10/20/1973,Army,8,,Ara Parseghian,W,62,3,10,20,1973,Away,0,10,0,1
635,1973,11/10/1973,Pittsburgh,5,20,Ara Parseghian,W,31,10,11,10,1973,Away,6,5,1,1
637,1973,12/1/1973,Miami,5,,Ara Parseghian,W,44,0,12,1,1973,Away,5,6,0,1
639,1974,9/9/1974,Georgia Tech,3,,Ara Parseghian,W,31,7,9,9,1974,Away,6,5,0,1
640,1974,9/21/1974,Northwestern,1,,Ara Parseghian,W,49,3,9,21,1974,Away,3,8,0,1
642,1974,10/5/1974,Michigan State,7,,Ara Parseghian,W,19,14,10,5,1974,Away,7,3,1,1
649,1974,11/30/1974,Southern California,5,6,Ara Parseghian,L,24,55,11,30,1974,Away,10,1,1,1
652,1975,9/20/1975,Purdue,9,,Dan Devine,W,17,0,9,20,1975,Away,4,7,0,1
655,1975,10/11/1975,North Carolina,15,,Dan Devine,W,21,14,10,11,1975,Away,3,7,1,1
656,1975,10/18/1975,Air Force,15,,Dan Devine,W,31,30,10,18,1975,Away,2,8,1,1
660,1975,11/15/1975,Pittsburgh,9,,Dan Devine,L,20,34,11,15,1975,Away,8,4,0,1
661,1975,11/22/1975,Miami,,,Dan Devine,W,32,9,11,22,1975,Away,2,8,0,1
664,1976,9/25/1976,Northwestern, ,,Dan Devine,W,48,0,9,25,1976,Away,1,10,0,1
665,1976,10/2/1976,Michigan State,18,,Dan Devine,W,24,6,10,2,1976,Away,4,6,1,1
667,1976,10/23/1976,South Carolina,12,19,Dan Devine,W,13,6,10,23,1976,Away,6,5,0,1
669,1976,11/6/1976,Georgia Tech,11,,Dan Devine,L,14,23,11,6,1976,Away,4,6,1,1
672,1976,11/27/1976,Southern California,13,3,Dan Devine,L,13,17,11,27,1976,Away,11,1,0,1
674,1977,9/10/1977,Pittsburgh,3,7,Dan Devine,W,19,9,9,10,1977,Away,9,2,1,1
676,1977,9/24/1977,Purdue,11,,Dan Devine,W,31,24,9,24,1977,Away,5,6,0,1
682,1977,11/12/1977,Clemson,5,15,Dan Devine,W,21,17,11,12,1977,Away,8,3,1,1
684,1977,12/3/1977,Miami,5,,Dan Devine,W,48,10,12,3,1977,Away,3,8,0,1
689,1978,10/7/1978,Michigan State,,,Dan Devine,W,29,25,10,7,1978,Away,8,3,0,1
691,1978,10/21/1978,Air Force,20,,Dan Devine,W,38,15,10,21,1978,Away,3,8,0,1
695,1978,11/18/1978,Georgia Tech,10,20,Dan Devine,W,38,21,11,18,1978,Away,7,5,0,1
696,1978,11/25/1978,Southern California,8,3,Dan Devine,L,25,27,11,25,1978,Away,12,1,0,1
698,1979,9/15/1979,Michigan,9,6,Dan Devine,W,12,10,9,15,1979,Away,8,4,0,1
699,1979,9/22/1979,Purdue,5,17,Dan Devine,L,22,28,9,22,1979,Away,10,2,0,1
702,1979,10/13/1979,Air Force,10,,Dan Devine,W,38,13,10,13,1979,Away,2,9,0,1
706,1979,11/10/1979,Tennessee,13,,Dan Devine,L,18,40,11,10,1979,Away,7,5,0,1
711,1980,10/4/1980,Michigan State,7,,Dan Devine,W,26,21,10,4,1980,Away,3,8,0,1
714,1980,10/25/1980,Arizona,4,,Dan Devine,W,20,3,10,25,1980,Away,5,6,0,1
716,1980,11/8/1980,Georgia Tech,1,,Dan Devine,T,3,3,11,8,1980,Away,1,9,1,1
719,1980,12/6/1980,Southern California,2,17,Dan Devine,L,3,20,12,6,1980,Away,8,2,1,1
722,1981,9/19/1981,Michigan,1,11,Gerry Faust,L,7,25,9,19,1981,Away,9,3,0,1
723,1981,9/26/1981,Purdue,13,,Gerry Faust,L,14,15,9,26,1981,Away,5,6,0,1
729,1981,11/14/1981,Air Force,,,Gerry Faust,W,35,7,11,14,1981,Away,4,7,0,1
730,1981,11/21/1981,Penn State,,13,Gerry Faust,L,21,24,11,21,1981,Away,10,2,0,1
731,1981,11/27/1981,Miami,,9,Gerry Faust,L,15,37,11,27,1981,Away,9,2,0,1
734,1982,10/2/1982,Michigan State,11,,Gerry Faust,W,11,3,10,2,1982,Away,2,9,0,1
737,1982,10/23/1982,Oregon,15,,Gerry Faust,T,13,13,10,23,1982,Away,2,8,1,1
739,1982,11/6/1982,Pittsburgh,,1,Gerry Faust,W,31,16,11,6,1982,Away,9,3,0,1
741,1982,11/20/1982,Air Force,18,,Gerry Faust,L,17,30,11,20,1982,Away,8,5,0,1
742,1982,11/27/1982,Southern California,,17,Gerry Faust,L,13,17,11,27,1982,Away,8,3,0,1
743,1983,9/10/1983,Purdue,5,,Gerry Faust,W,52,6,9,10,1983,Away,3,7,1,1
745,1983,9/24/1983,Miami,13,,Gerry Faust,L,0,20,9,24,1983,Away,11,1,0,1
746,1983,10/1/1983,Colorado,,,Gerry Faust,W,27,3,10,1,1983,Away,4,7,0,1
747,1983,10/8/1983,South Carolina,,,Gerry Faust,W,30,6,10,8,1983,Away,5,6,0,1
752,1983,11/12/1983,Penn State,,,Gerry Faust,L,30,34,11,12,1983,Away,8,4,1,1
756,1984,9/15/1984,Michigan State,,,Gerry Faust,W,24,20,9,15,1984,Away,6,6,0,1
758,1984,9/29/1984,Missouri,19,,Gerry Faust,W,16,14,9,29,1984,Away,3,7,1,1
762,1984,10/27/1984,Louisiana State,,7,Gerry Faust,W,30,22,10,27,1984,Away,8,3,1,1
765,1984,11/24/1984,Southern California,,14,Gerry Faust,W,19,7,11,24,1984,Away,9,3,0,1
767,1985,9/14/1985,Michigan,13,,Gerry Faust,L,12,20,9,14,1985,Away,10,1,1,1
769,1985,9/28/1985,Purdue,,,Gerry Faust,L,17,35,9,28,1985,Away,5,6,0,1
770,1985,10/5/1985,Air Force,,17,Gerry Faust,L,15,21,10,5,1985,Away,12,1,0,1
775,1985,11/16/1985,Penn State,,1,Gerry Faust,L,6,36,11,16,1985,Away,11,1,3,1
777,1985,11/30/1985,Miami,,4,Gerry Faust,L,7,58,11,30,1985,Away,10,2,0,1
779,1986,9/20/1986,Michigan State,20,,Lou Holtz,L,15,20,9,20,1986,Away,6,5,0,1
787,1986,11/22/1986,Louisiana State,,8,Lou Holtz,L,19,21,11,22,1986,Away,9,3,0,1
788,1986,11/29/1986,Southern California,,17,Lou Holtz,W,38,37,11,29,1986,Away,7,5,0,1
789,1987,9/12/1987,Michigan,16,6,Lou Holtz,W,26,7,9,12,1987,Away,8,4,0,1
791,1987,9/26/1987,Purdue,8,,Lou Holtz,W,44,20,9,26,1987,Away,3,7,1,1
792,1987,10/10/1987,Pittsburgh,4,,Lou Holtz,L,22,30,10,10,1987,Away,8,4,0,1
793,1987,10/17/1987,Air Force,11,,Lou Holtz,W,35,14,10,17,1987,Away,9,4,0,1
798,1987,11/21/1987,Penn State,7,,Lou Holtz,L,20,21,11,21,1987,Away,8,4,0,1
799,1987,11/28/1987,Miami,10,2,Lou Holtz,L,0,24,11,28,1987,Away,12,0,0,1
802,1988,9/17/1988,Michigan State,8,,Lou Holtz,W,20,3,9,17,1988,Away,6,5,1,1
805,1988,10/8/1988,Pittsburgh,5,,Lou Holtz,W,30,20,10,8,1988,Away,6,5,0,1
811,1988,11/26/1988,Southern California,1,2,Lou Holtz,W,27,10,11,26,1988,Away,10,2,0,1
814,1989,9/16/1989,Michigan,1,2,Lou Holtz,W,24,19,9,16,1989,Away,10,2,0,1
816,1989,9/30/1989,Purdue,1,,Lou Holtz,W,40,7,9,30,1989,Away,3,8,0,1
817,1989,10/7/1989,Stanford,1,,Lou Holtz,W,27,17,10,7,1989,Away,3,8,0,1
818,1989,10/14/1989,Air Force,1,17,Lou Holtz,W,41,27,10,14,1989,Away,8,4,1,1
823,1989,11/18/1989,Penn State,1,17,Lou Holtz,W,34,23,11,18,1989,Away,8,3,1,1
824,1989,11/25/1989,Miami,1,7,Lou Holtz,L,10,27,11,25,1989,Away,11,1,0,1
827,1990,9/22/1990,Michigan State,1,24,Lou Holtz,W,20,19,9,22,1990,Away,8,3,1,1
832,1990,10/27/1990,Pittsburgh,3,,Lou Holtz,W,31,22,10,27,1990,Away,3,7,1,1
834,1990,11/10/1990,Tennessee,1,9,Lou Holtz,W,34,29,11,10,1990,Away,9,2,2,1
836,1990,11/24/1990,Southern California,7,18,Lou Holtz,W,10,6,11,24,1990,Away,8,4,1,1
839,1991,9/14/1991,Michigan,7,3,Lou Holtz,L,14,24,9,14,1991,Away,10,2,0,1
841,1991,9/28/1991,Purdue,8,,Lou Holtz,W,45,20,9,28,1991,Away,4,7,0,1
842,1991,10/5/1991,Stanford,8,,Lou Holtz,W,42,26,10,5,1991,Away,8,4,0,1
844,1991,10/19/1991,Air Force,5,,Lou Holtz,W,28,15,10,19,1991,Away,10,3,0,1
848,1991,11/16/1991,Penn State,12,8,Lou Holtz,L,13,35,11,16,1991,Away,11,2,0,1
849,1991,11/30/1991,Hawaii,18,,Lou Holtz,W,48,42,11,30,1991,Away,4,7,1,1
853,1992,9/19/1992,Michigan State,7,,Lou Holtz,W,52,31,9,19,1992,Away,5,6,0,1
856,1992,10/10/1992,Pittsburgh,13,,Lou Holtz,W,52,21,10,10,1992,Away,3,9,0,1
861,1992,11/28/1992,Southern California,5,19,Lou Holtz,W,31,23,11,28,1992,Away,6,5,1,1
864,1993,9/11/1993,Michigan,11,3,Lou Holtz,W,27,23,9,11,1993,Away,8,4,0,1
866,1993,9/25/1993,Purdue,4,,Lou Holtz,W,17,0,9,25,1993,Away,1,10,0,1
867,1993,10/2/1993,Stanford,4,,Lou Holtz,W,48,20,10,2,1993,Away,4,7,0,1
869,1993,10/16/1993,Brigham Young,3,,Lou Holtz,W,45,20,10,16,1993,Away,6,6,0,1
877,1994,9/17/1994,Michigan State,8,,Lou Holtz,W,21,20,9,17,1994,Away,5,6,0,1
880,1994,10/8/1994,Boston College,8,,Lou Holtz,L,11,30,10,8,1994,Away,7,4,1,1
885,1994,11/26/1994,Southern California,,17,Lou Holtz,T,17,17,11,26,1994,Away,8,3,1,1
888,1995,9/9/1995,Purdue,25,,Lou Holtz,W,35,28,9,9,1995,Away,4,7,0,1
891,1995,9/30/1995,Ohio State,15,7,Lou Holtz,L,26,45,9,30,1995,Away,11,2,0,1
892,1995,10/7/1995,Washington,23,15,Lou Holtz,W,29,21,10,7,1995,Away,7,4,1,1
897,1995,11/18/1995,Air Force,8,,Lou Holtz,W,44,14,11,18,1995,Away,8,5,0,1
899,1996,9/5/1996,Vanderbilt,6,,Lou Holtz,W,14,7,9,5,1996,Away,2,9,0,1
901,1996,9/21/1996,Texas,9,6,Lou Holtz,W,27,24,9,21,1996,Away,8,5,0,1
906,1996,11/9/1996,Boston College,17,,Lou Holtz,W,48,21,11,9,1996,Away,5,7,0,1
909,1996,11/30/1996,Southern California,10,,Lou Holtz,L,20,27,11,30,1996,Away,6,6,0,1
911,1997,9/13/1997,Purdue,12,,Bob Davie,L,17,28,9,13,1997,Away,9,3,0,1
913,1997,9/27/1997,Michigan,,3,Bob Davie,L,14,21,9,27,1997,Away,12,0,0,1
914,1997,10/4/1997,Stanford,,19,Bob Davie,L,15,33,10,4,1997,Away,5,6,0,1
915,1997,10/11/1997,Pittsburgh,,,Bob Davie,W,45,21,10,11,1997,Away,6,6,0,1
919,1997,11/15/1997,Louisiana State,,11,Bob Davie,W,24,6,11,15,1997,Away,9,3,0,1
921,1997,11/29/1997,Hawaii,,,Bob Davie,W,23,22,11,29,1997,Away,3,9,0,1
924,1998,9/12/1998,Michigan State,10,,Bob Davie,L,23,45,9,12,1998,Away,6,6,0,1
927,1998,10/10/1998,Arizona State,22,,Bob Davie,W,28,9,10,10,1998,Away,5,6,0,1
930,1998,11/7/1998,Boston College,13,,Bob Davie,W,31,26,11,7,1998,Away,4,7,0,1
933,1998,11/28/1998,Southern California,9,,Bob Davie,L,0,10,11,28,1998,Away,8,5,0,1
936,1999,9/4/1999,Michigan,16,7,Bob Davie,L,22,26,9,4,1999,Away,10,2,0,1
937,1999,9/11/1999,Purdue,16,20,Bob Davie,L,23,28,9,11,1999,Away,7,5,0,1
943,1999,11/6/1999,Tennessee,24,4,Bob Davie,L,14,38,11,6,1999,Away,9,3,0,1
944,1999,11/13/1999,Pittsburgh,,,Bob Davie,L,27,37,11,13,1999,Away,5,6,0,1
946,1999,11/27/1999,Stanford,,,Bob Davie,L,37,40,11,27,1999,Away,8,4,0,1
950,2000,9/23/2000,Michigan State,16,23,Bob Davie,L,21,27,9,23,2000,Away,5,6,0,1
953,2000,10/21/2000,West Virginia,20,,Bob Davie,W,42,28,10,21,2000,Away,7,5,0,1
956,2000,11/18/2000,Rutgers,11,,Bob Davie,W,45,17,11,18,2000,Away,3,8,0,1
957,2000,11/25/2000,Southern California,11,,Bob Davie,W,38,21,11,25,2000,Away,5,7,0,1
959,2001,9/8/2001,Nebraska,17,5,Bob Davie,L,10,27,9,8,2001,Away,11,2,0,1
961,2001,9/29/2001,Texas A&M,,,Bob Davie,L,3,24,9,29,2001,Away,8,4,0,1
965,2001,10/27/2001,Boston College,,,Bob Davie,L,17,21,10,27,2001,Away,8,4,0,1
968,2001,11/24/2001,Stanford,,13,Bob Davie,L,13,17,11,24,2001,Away,9,3,0,1
969,2001,12/1/2001,Purdue,,,Bob Davie,W,24,18,12,1,2001,Away,6,6,0,1
973,2002,9/21/2002,Michigan State,12,,Tyrone Willingham,W,21,17,9,21,2002,Away,4,8,0,1
976,2002,10/19/2002,Air Force,7,18,Tyrone Willingham,W,21,14,10,19,2002,Away,8,5,0,1
977,2002,10/26/2002,Florida State,6,11,Tyrone Willingham,W,34,24,10,26,2002,Away,9,5,0,1
981,2002,11/30/2002,Southern California,7,6,Tyrone Willingham,L,13,44,11,30,2002,Away,11,2,0,1
984,2003,9/13/2003,Michigan,15,5,Tyrone Willingham,L,0,38,9,13,2003,Away,10,3,0,1
986,2003,9/27/2003,Purdue,,22,Tyrone Willingham,L,10,23,9,27,2003,Away,9,4,0,1
987,2003,10/11/2003,Pittsburgh,,15,Tyrone Willingham,W,20,14,10,11,2003,Away,8,5,0,1
989,2003,10/25/2003,Boston College,,,Tyrone Willingham,L,25,27,10,25,2003,Away,8,5,0,1
993,2003,11/29/2003,Stanford,,,Tyrone Willingham,W,57,7,11,29,2003,Away,4,7,0,1
994,2003,12/6/2003,Syracuse,,,Tyrone Willingham,L,12,38,12,6,2003,Away,6,6,0,1
995,2004,9/4/2004,Brigham Young,,,Tyrone Willingham,L,17,20,9,4,2004,Away,5,6,0,1
997,2004,9/18/2004,Michigan State,,,Tyrone Willingham,W,31,24,9,18,2004,Away,5,7,0,1
1003,2004,11/6/2004,Tennessee,,9,Tyrone Willingham,W,17,13,11,6,2004,Away,10,3,0,1
1005,2004,11/27/2004,Southern California,,1,Tyrone Willingham,L,10,41,11,27,2004,Away,13,0,0,1
1007,2005,9/3/2005,Pittsburgh,,23,Charlie Weis,W,42,21,9,3,2005,Away,5,6,0,1
1008,2005,9/10/2005,Michigan,20,3,Charlie Weis,W,17,10,9,10,2005,Away,7,5,0,1
1010,2005,9/24/2005,Washington,16,,Charlie Weis,W,36,17,9,24,2005,Away,2,9,0,1
1011,2005,10/1/2005,Purdue,13,22,Charlie Weis,W,49,28,10,1,2005,Away,5,9,0,1
1017,2005,11/26/2005,Stanford,6,,Charlie Weis,W,38,31,11,26,2005,Away,5,6,0,1
1019,2006,9/2/2006,Georgia Tech,2,,Charlie Weis,W,14,10,9,2,2006,Away,9,5,0,1
1022,2006,9/23/2006,Michigan State,12,,Charlie Weis,W,40,37,9,23,2006,Away,4,8,0,1
1028,2006,11/11/2006,Air Force,9,,Charlie Weis,W,39,17,11,11,2006,Away,4,8,0,1
1030,2006,11/25/2006,Southern California,6,3,Charlie Weis,L,24,44,11,25,2006,Away,11,2,0,1
1033,2007,9/8/2007,Penn State,,14,Charlie Weis,L,10,31,9,8,2007,Away,9,4,0,1
1034,2007,9/15/2007,Michigan,,,Charlie Weis,L,0,38,9,15,2007,Away,9,4,0,1
1036,2007,9/29/2007,Purdue,,,Charlie Weis,L,19,33,9,29,2007,Away,8,5,0,1
1037,2007,10/6/2007,UCLA,,,Charlie Weis,W,20,6,10,6,2007,Away,6,7,0,1
1043,2007,11/24/2007,Stanford,,,Charlie Weis,W,21,14,11,24,2007,Away,4,8,0,1
1046,2008,9/20/2008,Michigan State,,,Charlie Weis,L,7,23,9,20,2008,Away,9,4,0,1
1049,2008,10/11/2008,North Carolina,,22,Charlie Weis,L,24,29,10,11,2008,Away,8,5,0,1
1050,2008,10/25/2008,Washington,,,Charlie Weis,W,33,7,10,25,2008,Away,0,12,0,1
1052,2008,11/8/2008,Boston College,,,Charlie Weis,L,0,17,11,8,2008,Away,9,5,0,1
1055,2008,11/29/2008,Southern California,,5,Charlie Weis,L,3,38,11,29,2008,Away,12,1,0,1
1058,2009,9/12/2009,Michigan,18,,Charlie Weis,L,34,38,9,12,2009,Away,5,7,0,1
1060,2009,9/26/2009,Purdue,,,Charlie Weis,W,24,21,9,26,2009,Away,5,7,0,1
1066,2009,11/14/2009,Pittsburgh,,8,Charlie Weis,L,22,27,11,14,2009,Away,10,3,0,1
1068,2009,11/28/2009,Stanford,,,Charlie Weis,L,38,45,11,28,2009,Away,8,5,0,1
1071,2010,9/18/2010,Michigan State,,,Brian Kelly,L,31,34,9,18,2010,Away,11,2,0,1
1073,2010,10/2/2010,Boston College,,,Brian Kelly,W,31,13,10,2,2010,Away,7,6,0,1
1080,2010,11/27/2010,Southern California,,,Brian Kelly,W,20,16,11,27,2010,Away,8,5,0,1
1083,2011,9/10/2011,Michigan,,,Brian Kelly,L,31,35,9,10,2011,Away,11,2,0,1
1085,2011,9/24/2011,Pittsburgh,,,Brian Kelly,W,15,12,9,24,2011,Away,6,7,0,1
1086,2011,10/1/2011,Purdue,,,Brian Kelly,W,38,10,10,1,2011,Away,7,6,0,1
1090,2011,11/5/2011,Wake Forest,,,Brian Kelly,W,24,17,11,5,2011,Away,6,7,0,1
1093,2011,11/26/2011,Stanford,22,4,Brian Kelly,L,14,28,11,26,2011,Away,11,2,0,1
1097,2012,9/15/2012,Michigan State,20,10,Brian Kelly,W,20,3,9,15,2012,Away,7,6,0,1
1102,2012,10/27/2012,Oklahoma,5,8,Brian Kelly,W,30,13,10,27,2012,Away,10,3,0,1
1104,2012,11/10/2012,Boston College,4,,Brian Kelly,W,21,6,11,10,2012,Away,2,10,0,1
1106,2012,11/24/2012,Southern California,1,,Brian Kelly,W,22,13,11,24,2012,Away,7,6,0,1
1109,2013,9/7/2013,Michigan,14,17,Brian Kelly,L,30,41,9,7,2013,Away,7,6,0,1
1110,2013,9/14/2013,Purdue,21,,Brian Kelly,W,31,24,9,14,2013,Away,1,11,0,1
1115,2013,10/26/2013,Air Force,,,Brian Kelly,W,45,10,10,26,2013,Away,2,10,0,1
1117,2013,11/9/2013,Pittsburgh,24,,Brian Kelly,L,21,28,11,9,2013,Away,7,6,0,1
1119,2013,11/30/2013,Stanford,25,8,Brian Kelly,L,20,27,11,30,2013,Away,11,3,0,1
1127,2014,10/18/2014,Florida State,5,2,Brian Kelly,L,27,31,10,18,2014,Away,13,1,0,1
1129,2014,11/8/2014,Arizona State,8,11,Brian Kelly,L,31,55,11,8,2014,Away,10,3,0,1
1132,2014,11/29/2014,Southern California,,,Brian Kelly,L,14,49,11,29,2014,Away,9,4,0,1
1135,2015,9/12/2015,Virginia,9,,Brian Kelly,W,34,27,9,12,2015,Away,4,8,0,1
1138,2015,10/3/2015,Clemson,6,12,Brian Kelly,L,22,24,10,3,2015,Away,14,1,0,1
1141,2015,10/31/2015,Temple,9,21,Brian Kelly,W,24,20,10,31,2015,Away,10,4,0,1
1142,2015,11/7/2015,Pittsburgh,8,,Brian Kelly,W,42,30,11,7,2015,Away,8,5,0,1
1145,2015,11/28/2015,Stanford,4,13,Brian Kelly,L,36,38,11,28,2015,Away,12,2,0,1
1147,2016,9/4/2016,Texas,10,,Brian Kelly,L,47,50,9,4,2016,Away,5,7,0,1
1151,2016,10/1/2016,Syracuse,,,Brian Kelly,W,50,33,10,1,2016,Away,4,8,0,1
1152,2016,10/8/2016,North Carolina State,,,Brian Kelly,L,3,10,10,8,2016,Away,6,6,0,1
1158,2016,11/26/2016,Southern California,,12,Brian Kelly,L,27,45,11,26,2016,Away,9,3,0,1
1161,2017,9/16/2017,Boston College,,,Brian Kelly,W,49,20,9,16,2017,Away,7,5,0,1
1162,2017,9/23/2017,Michigan State,,,Brian Kelly,W,38,18,9,23,2017,Away,9,3,0,1
1164,2017,10/7/2017,North Carolina,21,,Brian Kelly,W,33,10,10,7,2017,Away,3,9,0,1
1168,2017,11/11/2017,Miami,3,7,Brian Kelly,L,8,41,11,11,2017,Away,10,2,0,1
1170,2017,11/25/2017,Stanford,9,20,Brian Kelly,L,20,38,11,25,2017,Away,9,4,0,1
1175,2018,9/22/2018,Wake Forest,8,,Brian Kelly,W,56,27,9,22,2018,Away,7,6,0,1
1180,2018,11/3/2018,Northwestern,3,,Brian Kelly,W,31,21,11,3,2018,Away,9,5,0,1
1183,2018,11/24/2018,Southern California,3,,Brian Kelly,W,24,17,11,24,2018,Away,5,7,0,1
1185,2019,9/2/2019,Louisville,9,,Brian Kelly,W,35,17,9,2,2019,Away,8,5,0,1
1187,2019,9/21/2019,Georgia,7,3,Brian Kelly,L,17,23,9,21,2019,Away,12,2,0,1
1191,2019,10/26/2019,Michigan,8,19,Brian Kelly,L,14,45,10,26,2019,Away,9,4,0,1
1193,2019,11/9/2019,Duke,15,,Brian Kelly,W,38,7,11,9,2019,Away,5,7,0,1
1196,2019,11/30/2019,Stanford,15,,Brian Kelly,W,45,24,11,30,2019,Away,4,8,0,1
1,1899,9/27/1899,Englewood High,,,James McWeeney,W,29,5,9,27,1899,Home,1,9,0,0
2,1899,9/30/1899,Michigan State,,,James McWeeney,W,40,0,9,30,1899,Home,1,9,0,0
4,1899,10/14/1899,Lake Forest,,,James McWeeney,W,38,0,10,14,1899,Home,4,6,2,1
6,1899,10/23/1899,Indiana,,,James McWeeney,W,17,0,10,23,1899,Home,6,2,0,1
7,1899,10/28/1899,Northwestern,,,James McWeeney,W,12,0,10,28,1899,Home,7,6,0,1
8,1899,11/4/1899,Rush Medical,,,James McWeeney,W,17,0,11,4,1899,Home,1,9,0,0
10,1899,11/30/1899,Physicians & Surgeons,,,James McWeeney,L,0,5,11,30,1899,Home,1,9,0,0
11,1900,9/29/1900,Goshen,,,Patrick O' Dea,W,55,0,9,29,1900,Home,1,9,0,0
12,1900,10/6/1900,Englewood High,,,Patrick O' Dea,W,68,0,10,6,1900,Home,1,9,0,0
13,1900,10/13/1900,S.B. Howard Park,,,Patrick O' Dea,W,64,0,10,13,1900,Home,1,9,0,0
14,1900,10/20/1900,Cincinnati,,,Patrick O' Dea,W,58,0,10,20,1900,Home,1,9,0,0
16,1900,11/3/1900,Beloit,,,Patrick O' Dea,T,6,6,11,3,1900,Home,7,1,2,1
19,1900,11/24/1900,Rush Medical,,,Patrick O' Dea,W,5,0,11,24,1900,Home,1,9,0,0
20,1900,11/29/1900,Physicians & Surgeons,,,Patrick O' Dea,W,5,0,11,29,1900,Home,1,9,0,0
21,1901,9/28/1901,South Bend A.C.,,,Patrick O' Dea,T,0,0,9,28,1901,Home,1,9,0,0
24,1901,10/19/1901,Chicago Medical,,,Patrick O' Dea,W,32,0,10,19,1901,Home,1,9,0,0
26,1901,11/2/1901,Lake Forest,,,Patrick O' Dea,W,16,0,11,2,1901,Home,1,9,0,0
27,1901,11/9/1901,Purdue,,,Patrick O' Dea,W,12,6,11,9,1901,Home,4,4,1,1
28,1901,11/16/1901,Indiana,,,Patrick O' Dea,W,18,5,11,16,1901,Home,6,3,0,1
29,1901,11/23/1901,Physicians & Surgeons,,,Patrick O' Dea,W,34,0,11,23,1901,Home,1,9,0,0
30,1901,11/28/1901,South Bend A.C.,,,Patrick O' Dea,W,22,6,11,28,1901,Home,1,9,0,0
31,1902,9/27/1902,Michigan State,,,James Faragher,W,33,0,9,27,1902,Home,1,9,0,0
32,1902,10/11/1902,Lake Forest,,,James Faragher,W,28,0,10,11,1902,Home,1,9,0,0
33,1902,10/18/1902,Michigan,,,James Faragher,L,0,23,10,18,1902,Home,11,0,0,1
36,1902,11/8/1902,Knox,,,James Faragher,L,5,12,11,8,1902,Home,9,2,0,1
37,1902,11/15/1902,American Medical,,,James Faragher,W,92,0,11,15,1902,Home,1,9,0,0
38,1902,11/22/1902,DePauw,,,James Faragher,W,22,0,11,22,1902,Home,1,9,0,0
40,1904,10/1/1904,Wabash,,,Louis Salmon,W,12,4,10,1,1904,Home,4,4,0,1
41,1904,10/8/1904,American Medical,,,Louis Salmon,W,44,0,10,8,1904,Home,1,9,0,0
42,1904,10/15/1904,Wisconsin,,,Louis Salmon,L,0,58,10,15,1904,Home,5,3,0,1
44,1904,10/27/1904,Toledo A.C.,,,Louis Salmon,W,6,0,10,27,1904,Home,1,9,0,0
46,1904,11/19/1904,DePauw,,,Louis Salmon,W,10,0,11,19,1904,Home,1,9,0,0
48,1905,9/30/1905,North Division High,,,Henry McGlew,W,44,0,9,30,1905,Home,1,9,0,0
49,1905,10/7/1905,Michigan State,,,Henry McGlew,W,28,0,10,7,1905,Home,1,9,0,0
50,1905,10/14/1905,Wisconsin,,,Henry McGlew,L,0,21,10,14,1905,Home,8,2,0,1
51,1905,10/21/1905,Wabash,,,Henry McGlew,L,0,5,10,21,1905,Home,4,5,0,1
52,1905,10/28/1905,American Medical,,,Henry McGlew,W,142,0,10,28,1905,Home,1,9,0,0
53,1905,11/4/1905,DePauw,,,Henry McGlew,W,71,0,11,4,1905,Home,1,9,0,0
55,1905,11/18/1905,Bennett Medical,,,Henry McGlew,W,22,0,11,18,1905,Home,1,9,0,0
57,1913,10/4/1913,Ohio Northern,,,Jesse Harper,W,87,0,10,4,1913,Home,1,9,0,0
58,1913,10/18/1913,South Dakota,,,Jesse Harper,W,20,7,10,18,1913,Home,1,9,0,0
59,1913,10/25/1913,Alma,,,Jesse Harper,W,62,0,10,25,1913,Home,1,9,0,0
64,1914,10/3/1914,Alma,,,Jesse Harper,W,56,0,10,3,1914,Home,1,9,0,0
65,1914,10/10/1914,Rose-Hulman,,,Jesse Harper,W,103,0,10,10,1914,Home,1,9,0,0
67,1914,10/24/1914,South Dakota,,,Jesse Harper,W,33,0,10,24,1914,Home,1,9,0,0
68,1914,10/31/1914,Haskell,,,Jesse Harper,W,21,7,10,31,1914,Home,5,4,0,1
70,1914,11/14/1914,Carlisle,,,Jesse Harper,W,48,6,11,14,1914,Home,5,10,1,1
72,1915,10/2/1915,Alma,,,Jesse Harper,W,32,0,10,2,1915,Home,1,9,0,0
73,1915,10/9/1915,Haskell,,,Jesse Harper,W,34,0,10,9,1915,Home,5,5,0,1
75,1915,10/30/1915,South Dakota,,,Jesse Harper,W,6,0,10,30,1915,Home,1,9,0,0
80,1916,9/30/1916,Case,,,Jesse Harper,W,48,0,9,30,1916,Home,1,9,0,0
82,1916,10/14/1916,Haskell,,,Jesse Harper,W,25,0,10,14,1916,Home,3,6,0,1
83,1916,10/28/1916,Wabash,,,Jesse Harper,W,60,0,10,28,1916,Home,1,9,0,0
85,1916,11/11/1916,South Dakota,,,Jesse Harper,W,21,0,11,11,1916,Home,1,9,0,0
87,1916,11/25/1916,Alma,,,Jesse Harper,W,46,0,11,25,1916,Home,1,9,0,0
89,1917,10/6/1917,Kalamazoo,,,Jesse Harper,W,55,0,10,6,1917,Home,1,9,0,0
92,1917,10/27/1917,South Dakota,,,Jesse Harper,W,40,0,10,27,1917,Home,1,9,0,0
95,1917,11/17/1917,Michigan State,,,Jesse Harper,W,23,0,11,17,1917,Home,1,9,0,0
99,1918,11/9/1918,Great Lakes Navy,,,Knute Rockne,T,7,7,11,9,1918,Home,6,0,2,1
103,1919,10/4/1919,Kalamazoo,,,Knute Rockne,W,14,0,10,4,1919,Home,1,9,0,0
104,1919,10/11/1919,Mount Union,,,Knute Rockne,W,60,7,10,11,1919,Home,1,9,0,0
106,1919,10/25/1919,Western Michigan,,,Knute Rockne,W,53,0,10,25,1919,Home,1,9,0,0
107,1919,11/1/1919,Indiana,,,Knute Rockne,W,16,3,11,1,1919,Home,3,4,0,1
109,1919,11/15/1919,Michigan State,,,Knute Rockne,W,13,0,11,15,1919,Home,1,9,0,0
112,1920,10/2/1920,Kalamazoo,,,Knute Rockne,W,39,0,10,2,1920,Home,1,9,0,0
113,1920,10/9/1920,Western Michigan,,,Knute Rockne,W,42,0,10,9,1920,Home,1,9,0,0
115,1920,10/23/1920,Valparaiso,,,Knute Rockne,W,28,3,10,23,1920,Home,1,9,0,0
117,1920,11/6/1920,Purdue,,,Knute Rockne,W,28,0,11,6,1920,Home,2,5,0,1
118,1920,11/13/1920,Indiana,,,Knute Rockne,W,13,10,11,13,1920,Home,5,2,0,1
121,1921,9/24/1921,Kalamazoo,,,Knute Rockne,W,56,0,9,24,1921,Home,1,9,0,0
122,1921,10/1/1921,DePauw,,,Knute Rockne,W,57,10,10,1,1921,Home,1,9,0,0
125,1921,10/22/1921,Nebraska,,,Knute Rockne,W,7,0,10,22,1921,Home,7,1,0,1
126,1921,10/29/1921,Indiana,,,Knute Rockne,W,28,7,10,29,1921,Home,3,4,0,1
128,1921,11/8/1921,Rutgers,,,Knute Rockne,W,48,0,11,8,1921,Home,4,5,0,1
129,1921,11/12/1921,Haskell,,,Knute Rockne,W,42,7,11,12,1921,Home,1,9,0,0
131,1921,11/24/1921,Michigan State,,,Knute Rockne,W,48,0,11,24,1921,Home,1,9,0,0
132,1922,9/30/1922,Kalamazoo,,,Knute Rockne,W,46,0,9,30,1922,Home,1,9,0,0
133,1922,10/7/1922,St. Louis,,,Knute Rockne,W,26,0,10,7,1922,Home,1,9,0,0
135,1922,10/21/1922,DePauw,,,Knute Rockne,W,34,7,10,21,1922,Home,1,9,0,0
137,1922,11/4/1922,Indiana,,,Knute Rockne,W,27,0,11,4,1922,Home,1,4,2,1
142,1923,9/29/1923,Kalamazoo,,,Knute Rockne,W,74,0,9,29,1923,Home,1,9,0,0
143,1923,10/6/1923,Lombard,,,Knute Rockne,W,14,0,10,6,1923,Home,1,9,0,0
144,1923,10/13/1923,Army,,,Knute Rockne,W,13,0,10,13,1923,Home,6,2,1,1
146,1923,10/27/1923,Georgia Tech,,,Knute Rockne,W,35,7,10,27,1923,Home,3,2,4,1
147,1923,11/3/1923,Purdue,,,Knute Rockne,W,34,7,11,3,1923,Home,2,5,1,1
149,1923,11/17/1923,Butler,,,Knute Rockne,W,34,7,11,17,1923,Home,1,9,0,0
152,1924,10/4/1924,Lombard,,,Knute Rockne,W,40,0,10,4,1924,Home,1,9,0,0
153,1924,10/11/1924,Wabash,,,Knute Rockne,W,34,0,10,11,1924,Home,1,9,0,0
154,1924,10/18/1924,Army,,,Knute Rockne,W,13,7,10,18,1924,Home,5,1,2,1
156,1924,11/1/1924,Georgia Tech,,,Knute Rockne,W,34,3,11,1,1924,Home,5,3,1,1
158,1924,11/15/1924,Nebraska,,,Knute Rockne,W,34,6,11,15,1924,Home,5,3,0,1
159,1924,11/22/1924,Northwestern,,,Knute Rockne,W,13,6,11,22,1924,Home,4,4,0,1
162,1925,9/26/1925,Baylor,,,Knute Rockne,W,41,0,9,26,1925,Home,3,5,2,1
163,1925,10/3/1925,Lombard,,,Knute Rockne,W,69,0,10,3,1925,Home,1,9,0,0
164,1925,10/10/1925,Beloit,,,Knute Rockne,W,19,3,10,10,1925,Home,1,9,0,0
165,1925,10/17/1925,Army,,,Knute Rockne,L,0,27,10,17,1925,Home,7,2,0,1
169,1925,11/14/1925,Carnegie Tech,,,Knute Rockne,W,26,0,11,14,1925,Home,5,2,1,1
170,1925,11/21/1925,Northwestern,,,Knute Rockne,W,13,10,11,21,1925,Home,5,3,0,1
172,1926,10/2/1926,Beloit,,,Knute Rockne,W,77,0,10,2,1926,Home,1,9,0,0
174,1926,10/16/1926,Penn State,,,Knute Rockne,W,28,0,10,16,1926,Home,5,4,0,1
176,1926,10/30/1926,Georgia Tech,,,Knute Rockne,W,12,0,10,30,1926,Home,4,5,0,1
177,1926,11/6/1926,Indiana,,,Knute Rockne,W,26,0,11,6,1926,Home,3,5,0,1
178,1926,11/13/1926,Army,,,Knute Rockne,W,7,0,11,13,1926,Home,7,1,1,1
179,1926,11/20/1926,Drake,,,Knute Rockne,W,21,0,11,20,1926,Home,2,6,0,1
182,1927,10/1/1927,Coe,,,Knute Rockne,W,28,7,10,1,1927,Home,1,9,0,0
184,1927,10/15/1927,Navy,,,Knute Rockne,W,19,6,10,15,1927,Home,6,3,0,1
186,1927,10/29/1927,Georgia Tech,,,Knute Rockne,W,26,7,10,29,1927,Home,8,1,1,1
187,1927,11/5/1927,Minnesota,,,Knute Rockne,T,7,7,11,5,1927,Home,6,0,2,1
188,1927,11/12/1927,Army,,,Knute Rockne,L,0,18,11,12,1927,Home,9,1,0,1
190,1927,11/26/1927,Southern California,,,Knute Rockne,W,7,6,11,26,1927,Home,8,1,1,1
191,1928,9/29/1928,Loyola,,,Knute Rockne,W,12,6,9,29,1928,Home,1,9,0,0
193,1928,10/13/1928,Navy,,,Knute Rockne,W,7,0,10,13,1928,Home,5,3,1,1
195,1928,10/27/1928,Drake,,,Knute Rockne,W,32,6,10,27,1928,Home,7,1,0,1
196,1928,11/3/1928,Penn State,,,Knute Rockne,W,9,0,11,3,1928,Home,3,5,1,1
197,1928,11/10/1928,Army,,,Knute Rockne,W,12,6,11,10,1928,Home,8,2,0,1
198,1928,11/17/1928,Carnegie Tech,,,Knute Rockne,L,7,27,11,17,1928,Home,7,1,0,1
201,1929,10/12/1929,Navy,,,Knute Rockne,W,14,7,10,12,1929,Home,6,2,2,1
202,1929,10/19/1929,Wisconsin,,,Knute Rockne,W,19,0,10,19,1929,Home,4,5,0,1
205,1929,11/9/1929,Drake,,,Knute Rockne,W,19,7,11,9,1929,Home,5,3,1,1
206,1929,11/16/1929,Southern California,,,Knute Rockne,W,13,12,11,16,1929,Home,10,2,0,1
208,1929,11/30/1929,Army,,,Knute Rockne,W,7,0,11,30,1929,Home,6,4,1,1
209,1930,10/4/1930,Southern Methodist,,,Knute Rockne,W,20,14,10,4,1930,Home,6,3,1,1
210,1930,10/11/1930,Navy,,,Knute Rockne,W,26,2,10,11,1930,Home,6,5,0,1
211,1930,10/18/1930,Carnegie Tech,,,Knute Rockne,W,21,6,10,18,1930,Home,6,3,0,1
213,1930,11/1/1930,Indiana,,,Knute Rockne,W,27,0,11,1,1930,Home,2,5,1,1
215,1930,11/15/1930,Drake,,,Knute Rockne,W,28,7,11,15,1930,Home,5,4,0,1
217,1930,11/29/1930,Army,,,Knute Rockne,W,7,6,11,29,1930,Home,9,1,1,1
220,1931,10/10/1931,Northwestern,,,Hunk Anderson,T,0,0,10,10,1931,Home,7,1,1,1
221,1931,10/17/1931,Drake,,,Hunk Anderson,W,63,0,10,17,1931,Home,5,6,0,1
222,1931,10/24/1931,Pittsburgh,,,Hunk Anderson,W,25,12,10,24,1931,Home,8,1,0,1
224,1931,11/7/1931,Pennsylvania,,,Hunk Anderson,W,49,0,11,7,1931,Home,6,3,0,1
225,1931,11/14/1931,Navy,,,Hunk Anderson,W,20,0,11,14,1931,Home,5,5,1,1
226,1931,11/21/1931,Southern California,,,Hunk Anderson,L,14,16,11,21,1931,Home,10,1,0,1
227,1931,11/28/1931,Army,,,Hunk Anderson,L,0,12,11,28,1931,Home,8,2,1,1
228,1932,10/8/1932,Haskell,,,Hunk Anderson,W,73,0,10,8,1932,Home,1,9,0,0
229,1932,10/15/1932,Drake,,,Hunk Anderson,W,62,0,10,15,1932,Home,2,6,1,1
230,1932,10/22/1932,Carnegie Tech,,,Hunk Anderson,W,42,0,10,22,1932,Home,4,3,2,1
233,1932,11/12/1932,Northwestern,,,Hunk Anderson,W,21,0,11,12,1932,Home,3,4,1,1
234,1932,11/19/1932,Navy,,,Hunk Anderson,W,12,0,11,19,1932,Home,2,6,1,1
235,1932,11/26/1932,Army,,,Hunk Anderson,W,21,0,11,26,1932,Home,8,2,0,1
237,1933,10/7/1933,Kansas,,,Hunk Anderson,T,0,0,10,7,1933,Home,5,4,1,1
240,1933,10/28/1933,Pittsburgh,,,Hunk Anderson,L,0,14,10,28,1933,Home,8,1,0,1
241,1933,11/4/1933,Navy,,,Hunk Anderson,L,0,7,11,4,1933,Home,5,4,0,1
242,1933,11/11/1933,Purdue,,,Hunk Anderson,L,0,19,11,11,1933,Home,6,1,1,1
244,1933,11/25/1933,Southern California,,,Hunk Anderson,L,0,19,11,25,1933,Home,10,1,1,1
245,1933,12/2/1933,Army,,,Hunk Anderson,W,13,12,12,2,1933,Home,9,1,0,1
246,1934,10/6/1934,Texas,,,Elmer Layden,L,6,7,10,6,1934,Home,7,2,1,1
247,1934,10/13/1934,Purdue,,,Elmer Layden,W,18,7,10,13,1934,Home,5,3,0,1
248,1934,10/20/1934,Carnegie Tech,,,Elmer Layden,W,13,0,10,20,1934,Home,4,5,0,1
249,1934,10/27/1934,Wisconsin,,,Elmer Layden,W,19,0,10,27,1934,Home,4,4,0,1
251,1934,11/10/1934,Navy,,,Elmer Layden,L,6,10,11,10,1934,Home,8,1,0,1
253,1934,11/24/1934,Army,,,Elmer Layden,W,12,6,11,24,1934,Home,7,3,0,1
255,1935,9/28/1935,Kansas,,,Elmer Layden,W,28,7,9,28,1935,Home,4,4,1,1
258,1935,10/19/1935,Pittsburgh,,,Elmer Layden,W,9,6,10,19,1935,Home,7,1,2,1
259,1935,10/26/1935,Navy,,,Elmer Layden,W,14,0,10,26,1935,Home,5,4,0,1
261,1935,11/9/1935,Northwestern,,,Elmer Layden,L,7,14,11,9,1935,Home,4,3,1,1
262,1935,11/16/1935,Army,,,Elmer Layden,T,6,6,11,16,1935,Home,6,2,1,1
263,1935,11/23/1935,Southern California,,,Elmer Layden,W,20,13,11,23,1935,Home,5,7,0,1
264,1936,10/3/1936,Carnegie Tech,,,Elmer Layden,W,21,7,10,3,1936,Home,2,6,0,1
265,1936,10/10/1936,Washington,,,Elmer Layden,W,14,6,10,10,1936,Home,3,7,0,1
266,1936,10/17/1936,Wisconsin,,,Elmer Layden,W,27,0,10,17,1936,Home,2,6,0,1
268,1936,10/31/1936,Ohio State,,,Elmer Layden,W,7,2,10,31,1936,Home,5,3,0,1
269,1936,11/7/1936,Navy,13,,Elmer Layden,L,0,3,11,7,1936,Home,6,3,0,1
270,1936,11/14/1936,Army,,,Elmer Layden,W,20,6,11,14,1936,Home,6,3,0,1
271,1936,11/21/1936,Northwestern,11,1,Elmer Layden,W,26,6,11,21,1936,Home,7,1,0,1
273,1937,10/2/1937,Drake,,,Elmer Layden,W,21,0,10,2,1937,Home,8,2,0,1
276,1937,10/23/1937,Navy,,,Elmer Layden,W,9,7,10,23,1937,Home,4,4,1,1
278,1937,11/6/1937,Pittsburgh,12,3,Elmer Layden,L,6,21,11,6,1937,Home,9,0,1,1
279,1937,11/13/1937,Army,18,,Elmer Layden,W,7,0,11,13,1937,Home,7,2,0,1
281,1937,11/27/1937,Southern California,9,,Elmer Layden,W,13,6,11,27,1937,Home,4,4,2,1
282,1938,10/1/1938,Kansas,,,Elmer Layden,W,52,0,10,1,1938,Home,3,6,0,1
284,1938,10/15/1938,Illinois,,,Elmer Layden,W,14,6,10,15,1938,Home,3,5,0,1
285,1938,10/22/1938,Carnegie Tech,5,13,Elmer Layden,W,7,0,10,22,1938,Home,7,2,0,1
286,1938,10/29/1938,Army,7,,Elmer Layden,W,19,7,10,29,1938,Home,8,2,0,1
287,1938,11/5/1938,Navy,4,,Elmer Layden,W,15,0,11,5,1938,Home,4,3,2,1
288,1938,11/12/1938,Minnesota,2,12,Elmer Layden,W,19,0,11,12,1938,Home,6,2,0,1
291,1939,9/30/1939,Purdue,,,Elmer Layden,W,3,0,9,30,1939,Home,3,3,2,1
292,1939,10/7/1939,Georgia Tech,,,Elmer Layden,W,17,14,10,7,1939,Home,8,2,0,1
293,1939,10/14/1939,Southern Methodist,,,Elmer Layden,W,20,19,10,14,1939,Home,6,3,1,1
294,1939,10/21/1939,Navy,2,,Elmer Layden,W,14,7,10,21,1939,Home,3,5,1,1
296,1939,11/4/1939,Army,4,,Elmer Layden,W,14,0,11,4,1939,Home,3,4,2,1
298,1939,11/18/1939,Northwestern,9,,Elmer Layden,W,7,0,11,18,1939,Home,3,4,1,1
299,1939,11/25/1939,Southern California,7,4,Elmer Layden,L,12,20,11,25,1939,Home,8,0,2,1
300,1940,10/5/1940,Pacific,,,Elmer Layden,W,25,7,10,5,1940,Home,1,9,0,0
301,1940,10/12/1940,Georgia Tech,,,Elmer Layden,W,26,20,10,12,1940,Home,3,7,0,1
302,1940,10/19/1940,Carnegie Tech,6,,Elmer Layden,W,61,0,10,19,1940,Home,3,5,0,1
304,1940,11/2/1940,Army,2,,Elmer Layden,W,7,0,11,2,1940,Home,1,7,1,1
305,1940,11/9/1940,Navy,7,,Elmer Layden,W,13,7,11,9,1940,Home,6,2,1,1
306,1940,11/16/1940,Iowa,7,,Elmer Layden,L,0,7,11,16,1940,Home,4,4,0,1
309,1941,9/27/1941,Arizona,,,Frank Leahy,W,38,7,9,27,1941,Home,7,3,0,1
310,1941,10/4/1941,Indiana,,,Frank Leahy,W,19,6,10,4,1941,Home,2,6,0,1
313,1941,10/25/1941,Illinois,7,,Frank Leahy,W,49,14,10,25,1941,Home,2,6,0,1
314,1941,11/1/1941,Army,6,14,Frank Leahy,T,0,0,11,1,1941,Home,5,3,1,1
315,1941,11/8/1941,Navy,7,6,Frank Leahy,W,20,13,11,8,1941,Home,7,1,1,1
317,1941,11/22/1941,Southern California,4,,Frank Leahy,W,20,18,11,22,1941,Home,2,6,1,1
319,1942,10/3/1942,Georgia Tech,,,Frank Leahy,L,6,13,10,3,1942,Home,9,2,0,1
320,1942,10/10/1942,Stanford,,,Frank Leahy,W,27,0,10,10,1942,Home,6,4,0,1
321,1942,10/17/1942,Iowa Pre-Flight,,,Frank Leahy,W,28,0,10,17,1942,Home,7,3,0,1
323,1942,10/31/1942,Navy,4,,Frank Leahy,W,9,0,10,31,1942,Home,5,4,0,1
324,1942,11/7/1942,Army,4,19,Frank Leahy,W,13,0,11,7,1942,Home,6,3,0,1
325,1942,11/14/1942,Michigan,4,6,Frank Leahy,L,20,32,11,14,1942,Home,7,3,0,1
326,1942,11/21/1942,Northwestern,8,,Frank Leahy,W,27,20,11,21,1942,Home,1,9,0,1
328,1942,12/5/1942,Great Lakes Navy,8,,Frank Leahy,T,13,13,12,5,1942,Home,8,3,1,1
330,1943,10/2/1943,Georgia Tech,,,Frank Leahy,W,55,13,10,2,1943,Home,8,3,0,1
333,1943,10/23/1943,Illinois,1,,Frank Leahy,W,47,0,10,23,1943,Home,3,7,0,1
334,1943,10/30/1943,Navy,1,3,Frank Leahy,W,33,6,10,30,1943,Home,8,1,0,1
335,1943,11/6/1943,Army,1,3,Frank Leahy,W,26,0,11,6,1943,Home,7,2,1,1
337,1943,11/20/1943,Iowa Pre-Flight,1,2,Frank Leahy,W,14,13,11,20,1943,Home,9,1,0,1
338,1943,11/27/1943,Great Lakes Navy,1,,Frank Leahy,L,14,19,11,27,1943,Home,10,2,0,1
340,1944,10/7/1944,Tulane,,,Ed McKeever,W,26,0,10,7,1944,Home,4,3,0,1
341,1944,10/14/1944,Dartmouth,1,,Ed McKeever,W,64,0,10,14,1944,Home,2,5,1,1
342,1944,10/21/1944,Wisconsin,1,,Ed McKeever,W,28,13,10,21,1944,Home,3,6,0,1
344,1944,11/4/1944,Navy,2,6,Ed McKeever,L,13,32,11,4,1944,Home,6,3,0,1
345,1944,11/11/1944,Army,5,1,Ed McKeever,L,0,59,11,11,1944,Home,9,0,0,1
346,1944,11/18/1944,Northwestern,11,,Ed McKeever,W,21,0,11,18,1944,Home,1,7,1,1
348,1944,12/2/1944,Great Lakes Navy,9,12,Ed McKeever,W,28,7,12,2,1944,Home,9,2,1,1
349,1945,9/29/1945,Illinois,,,Hugh Devore,W,7,0,9,29,1945,Home,2,6,1,1
351,1945,10/13/1945,Dartmouth,3,,Hugh Devore,W,34,0,10,13,1945,Home,1,6,1,1
353,1945,10/27/1945,Iowa,2,,Hugh Devore,W,56,0,10,27,1945,Home,2,7,0,1
354,1945,11/3/1945,Navy,2,3,Hugh Devore,T,6,6,11,3,1945,Home,7,1,1,1
355,1945,11/10/1945,Army,2,1,Hugh Devore,L,0,48,11,10,1945,Home,9,0,0,1
360,1946,10/5/1946,Pittsburgh,,,Frank Leahy,W,33,0,10,5,1946,Home,3,5,1,1
361,1946,10/12/1946,Purdue,3,,Frank Leahy,W,49,6,10,12,1946,Home,2,6,1,1
363,1946,11/2/1946,Navy,2,,Frank Leahy,W,28,0,11,2,1946,Home,1,8,0,1
364,1946,11/9/1946,Army,2,1,Frank Leahy,T,0,0,11,9,1946,Home,9,0,1,1
365,1946,11/16/1946,Northwestern,2,,Frank Leahy,W,27,0,11,16,1946,Home,4,4,1,1
367,1946,11/30/1946,Southern California,2,16,Frank Leahy,W,26,6,11,30,1946,Home,6,4,0,1
370,1947,10/18/1947,Nebraska,2,,Frank Leahy,W,31,0,10,18,1947,Home,2,7,0,1
371,1947,10/25/1947,Iowa,2,,Frank Leahy,W,21,0,10,25,1947,Home,3,5,1,1
372,1947,11/1/1947,Navy,1,,Frank Leahy,W,27,0,11,1,1947,Home,1,7,1,1
373,1947,11/8/1947,Army,1,9,Frank Leahy,W,27,7,11,8,1947,Home,5,2,2,1
375,1947,11/22/1947,Tulane,2,,Frank Leahy,W,59,6,11,22,1947,Home,2,5,2,1
377,1948,9/25/1948,Purdue,,,Frank Leahy,W,28,27,9,25,1948,Home,3,6,0,1
379,1948,10/9/1948,Michigan State,1,,Frank Leahy,W,26,7,10,9,1948,Home,6,2,2,1
382,1948,10/30/1948,Navy,2,,Frank Leahy,W,41,7,10,30,1948,Home,0,8,1,1
384,1948,11/13/1948,Northwestern,2,8,Frank Leahy,W,12,7,11,13,1948,Home,8,2,0,1
385,1948,11/27/1948,Washington,2,,Frank Leahy,W,46,0,11,27,1948,Home,2,7,1,1
387,1949,9/24/1949,Indiana,,,Frank Leahy,W,49,6,9,24,1949,Home,1,8,0,1
390,1949,10/15/1949,Tulane,1,4,Frank Leahy,W,46,7,10,15,1949,Home,7,2,1,1
391,1949,10/29/1949,Navy,1,,Frank Leahy,W,40,0,10,29,1949,Home,3,5,1,1
393,1949,11/12/1949,North Carolina,1,,Frank Leahy,W,42,6,11,12,1949,Home,7,4,0,1
394,1949,11/19/1949,Iowa,1,,Frank Leahy,W,28,7,11,19,1949,Home,4,5,0,1
395,1949,11/26/1949,Southern California,1,17,Frank Leahy,W,32,0,11,26,1949,Home,5,3,1,1
397,1950,9/30/1950,North Carolina,1,20,Frank Leahy,W,14,7,9,30,1950,Home,3,5,2,1
398,1950,10/7/1950,Purdue,1,,Frank Leahy,L,14,28,10,7,1950,Home,2,7,0,1
401,1950,10/28/1950,Michigan State,,15,Frank Leahy,L,33,36,10,28,1950,Home,8,1,0,1
402,1950,11/4/1950,Navy,,,Frank Leahy,W,19,10,11,4,1950,Home,3,6,0,1
403,1950,11/11/1950,Pittsburgh,,,Frank Leahy,W,18,7,11,11,1950,Home,1,8,0,1
406,1951,9/29/1951,Indiana,14,,Frank Leahy,W,48,6,9,29,1951,Home,2,7,0,1
407,1951,10/5/1951,Detroit Mercy,5,,Frank Leahy,W,40,6,10,5,1951,Home,4,7,0,1
408,1951,10/13/1951,Southern Methodist,5,,Frank Leahy,L,20,27,10,13,1951,Home,3,6,1,1
410,1951,10/27/1951,Purdue,15,,Frank Leahy,W,30,9,10,27,1951,Home,5,4,0,1
411,1951,11/3/1951,Navy,14,,Frank Leahy,W,19,0,11,3,1951,Home,2,6,1,1
414,1951,11/24/1951,Iowa,,,Frank Leahy,T,20,20,11,24,1951,Home,2,5,2,1
418,1952,10/11/1952,Pittsburgh,8,,Frank Leahy,L,19,22,10,11,1952,Home,6,3,0,1
420,1952,10/25/1952,North Carolina,16,,Frank Leahy,W,34,14,10,25,1952,Home,2,6,0,1
421,1952,11/1/1952,Navy,13,,Frank Leahy,W,17,6,11,1,1952,Home,6,2,1,1
422,1952,11/8/1952,Oklahoma,10,4,Frank Leahy,W,27,21,11,8,1952,Home,8,1,1,1
425,1952,11/29/1952,Southern California,7,2,Frank Leahy,W,9,0,11,29,1952,Home,10,1,0,1
428,1953,10/17/1953,Pittsburgh,1,15,Frank Leahy,W,23,14,10,17,1953,Home,3,5,1,1
429,1953,10/24/1953,Georgia Tech,1,4,Frank Leahy,W,27,14,10,24,1953,Home,9,2,1,1
430,1953,10/31/1953,Navy,1,20,Frank Leahy,W,38,7,10,31,1953,Home,4,3,2,1
433,1953,11/21/1953,Iowa,1,20,Frank Leahy,T,14,14,11,21,1953,Home,5,3,1,1
435,1953,12/5/1953,Southern Methodist,2,,Frank Leahy,W,40,14,12,5,1953,Home,5,5,0,1
436,1954,9/25/1954,Texas,2,4,Terry Brennan,W,21,0,9,25,1954,Home,4,5,1,1
437,1954,10/2/1954,Purdue,1,19,Terry Brennan,L,14,27,10,2,1954,Home,5,3,1,1
439,1954,10/16/1954,Michigan State,8,,Terry Brennan,W,20,19,10,16,1954,Home,3,6,0,1
440,1954,10/30/1954,Navy,6,15,Terry Brennan,W,6,0,10,30,1954,Home,8,2,0,1
442,1954,11/13/1954,North Carolina,5,,Terry Brennan,W,42,13,11,13,1954,Home,4,5,1,1
444,1954,11/27/1954,Southern California,4,17,Terry Brennan,W,23,17,11,27,1954,Home,8,4,0,1
446,1955,9/24/1955,Southern Methodist,11,,Terry Brennan,W,17,0,9,24,1955,Home,4,6,0,1
447,1955,10/1/1955,Indiana,4,,Terry Brennan,W,19,0,10,1,1955,Home,3,6,0,1
451,1955,10/29/1955,Navy,9,4,Terry Brennan,W,21,7,10,29,1955,Home,6,2,1,1
454,1955,11/19/1955,Iowa,4,,Terry Brennan,W,17,14,11,19,1955,Home,3,5,1,1
457,1956,10/6/1956,Indiana,17,,Terry Brennan,W,20,6,10,6,1956,Home,3,6,0,1
458,1956,10/13/1956,Purdue,18,,Terry Brennan,L,14,28,10,13,1956,Home,3,4,2,1
459,1956,10/20/1956,Michigan State,,2,Terry Brennan,L,14,47,10,20,1956,Home,7,2,0,1
460,1956,10/27/1956,Oklahoma,,2,Terry Brennan,L,0,40,10,27,1956,Home,10,0,0,1
461,1956,11/3/1956,Navy,,,Terry Brennan,L,7,33,11,3,1956,Home,6,1,2,1
463,1956,11/17/1956,North Carolina,,,Terry Brennan,W,21,14,11,17,1956,Home,2,7,1,1
467,1957,10/5/1957,Indiana,16,,Terry Brennan,W,26,0,10,5,1957,Home,1,8,0,1
468,1957,10/12/1957,Army,12,10,Terry Brennan,W,23,21,10,12,1957,Home,7,2,0,1
469,1957,10/26/1957,Pittsburgh,7,,Terry Brennan,W,13,7,10,26,1957,Home,4,6,0,1
470,1957,11/2/1957,Navy,5,16,Terry Brennan,L,6,20,11,2,1957,Home,9,1,1,1
473,1957,11/23/1957,Iowa,9,8,Terry Brennan,L,13,21,11,23,1957,Home,7,1,1,1
474,1957,11/30/1957,Southern California,12,,Terry Brennan,W,40,12,11,30,1957,Home,1,9,0,1
476,1958,9/27/1958,Indiana,5,,Terry Brennan,W,18,0,9,27,1958,Home,5,3,1,1
478,1958,10/11/1958,Army,4,3,Terry Brennan,L,2,14,10,11,1958,Home,8,0,1,1
479,1958,10/18/1958,Duke,12,,Terry Brennan,W,9,7,10,18,1958,Home,5,5,0,1
480,1958,10/25/1958,Purdue,11,15,Terry Brennan,L,22,29,10,25,1958,Home,6,1,2,1
481,1958,11/1/1958,Navy,,15,Terry Brennan,W,40,20,11,1,1958,Home,6,3,0,1
483,1958,11/15/1958,North Carolina,,11,Terry Brennan,W,34,24,11,15,1958,Home,6,4,0,1
486,1959,9/26/1959,North Carolina,,,Joe Kuharich,W,28,8,9,26,1959,Home,5,5,0,1
490,1959,10/24/1959,Northwestern,,2,Joe Kuharich,L,24,30,10,24,1959,Home,6,3,0,1
491,1959,10/31/1959,Navy,,,Joe Kuharich,W,25,22,10,31,1959,Home,5,4,1,1
492,1959,11/7/1959,Georgia Tech,,19,Joe Kuharich,L,10,14,11,7,1959,Home,6,5,0,1
495,1959,11/28/1959,Southern California,,7,Joe Kuharich,W,16,6,11,28,1959,Home,8,2,0,1
496,1960,9/24/1960,California,,,Joe Kuharich,W,21,7,9,24,1960,Home,2,7,1,1
497,1960,10/1/1960,Purdue,12,,Joe Kuharich,L,19,51,10,1,1960,Home,4,4,1,1
499,1960,10/15/1960,Michigan State,,14,Joe Kuharich,L,0,21,10,15,1960,Home,6,2,1,1
501,1960,10/29/1960,Navy,,4,Joe Kuharich,L,7,14,10,29,1960,Home,9,2,0,1
502,1960,11/5/1960,Pittsburgh,,14,Joe Kuharich,L,13,20,11,5,1960,Home,4,3,3,1
504,1960,11/19/1960,Iowa,,2,Joe Kuharich,L,0,28,11,19,1960,Home,8,1,0,1
506,1961,9/30/1961,Oklahoma,,,Joe Kuharich,W,19,6,9,30,1961,Home,5,5,0,1
508,1961,10/14/1961,Southern California,8,,Joe Kuharich,W,30,0,10,14,1961,Home,4,5,1,1
510,1961,10/28/1961,Northwestern,8,,Joe Kuharich,L,10,12,10,28,1961,Home,4,5,0,1
511,1961,11/4/1961,Navy,,,Joe Kuharich,L,10,13,11,4,1961,Home,7,3,0,1
513,1961,11/18/1961,Syracuse,,10,Joe Kuharich,W,17,15,11,18,1961,Home,8,3,0,1
517,1962,10/6/1962,Purdue,,,Joe Kuharich,L,6,24,10,6,1962,Home,4,4,1,1
519,1962,10/20/1962,Michigan State,,,Joe Kuharich,L,7,31,10,20,1962,Home,5,4,0,1
521,1962,11/3/1962,Navy,,,Joe Kuharich,W,20,12,11,3,1962,Home,5,5,0,1
522,1962,11/10/1962,Pittsburgh,,,Joe Kuharich,W,43,22,11,10,1962,Home,5,5,0,1
523,1962,11/17/1962,North Carolina,,,Joe Kuharich,W,21,7,11,17,1962,Home,3,7,0,1
524,1962,11/24/1962,Iowa,,,Joe Kuharich,W,35,12,11,24,1962,Home,4,5,0,1
526,1963,9/28/1963,Wisconsin,,6,Hugh Devore,L,9,14,9,28,1963,Home,5,4,0,1
528,1963,10/12/1963,Southern California,,7,Hugh Devore,W,17,14,10,12,1963,Home,7,3,0,1
529,1963,10/19/1963,UCLA,,,Hugh Devore,W,27,12,10,19,1963,Home,2,8,0,1
531,1963,11/2/1963,Navy,,4,Hugh Devore,L,14,35,11,2,1963,Home,9,2,0,1
532,1963,11/9/1963,Pittsburgh,,8,Hugh Devore,L,7,27,11,9,1963,Home,9,1,0,1
534,1963,11/28/1963,Syracuse,,,Hugh Devore,L,7,14,11,28,1963,Home,8,2,0,1
536,1964,10/3/1964,Purdue,9,,Ara Parseghian,W,34,15,10,3,1964,Home,6,3,0,1
538,1964,10/17/1964,UCLA,4,,Ara Parseghian,W,24,0,10,17,1964,Home,4,6,0,1
539,1964,10/24/1964,Stanford,2,,Ara Parseghian,W,28,6,10,24,1964,Home,5,5,0,1
540,1964,10/31/1964,Navy,2,,Ara Parseghian,W,40,0,10,31,1964,Home,3,6,1,1
542,1964,11/14/1964,Michigan State,1,,Ara Parseghian,W,34,7,11,14,1964,Home,4,5,0,1
543,1964,11/21/1964,Iowa,1,,Ara Parseghian,W,28,0,11,21,1964,Home,3,6,0,1
547,1965,10/2/1965,Northwestern,8,,Ara Parseghian,W,38,7,10,2,1965,Home,4,6,0,1
548,1965,10/9/1965,Army,7,,Ara Parseghian,W,17,0,10,9,1965,Home,4,5,1,1
549,1965,10/23/1965,Southern California,7,4,Ara Parseghian,W,28,7,10,23,1965,Home,7,2,1,1
550,1965,10/30/1965,Navy,4,,Ara Parseghian,W,29,3,10,30,1965,Home,4,4,2,1
552,1965,11/13/1965,North Carolina,4,,Ara Parseghian,W,17,0,11,13,1965,Home,4,6,0,1
553,1965,11/20/1965,Michigan State,4,1,Ara Parseghian,L,3,12,11,20,1965,Home,10,1,0,1
555,1966,9/24/1966,Purdue,8,7,Ara Parseghian,W,26,14,9,24,1966,Home,9,2,0,1
557,1966,10/8/1966,Army,3,,Ara Parseghian,W,35,0,10,8,1966,Home,8,2,0,1
558,1966,10/15/1966,North Carolina,2,,Ara Parseghian,W,32,0,10,15,1966,Home,2,8,0,1
560,1966,10/29/1966,Navy,1,,Ara Parseghian,W,31,7,10,29,1966,Home,4,6,0,1
561,1966,11/5/1966,Pittsburgh,1,,Ara Parseghian,W,40,0,11,5,1966,Home,1,9,0,1
562,1966,11/12/1966,Duke,1,,Ara Parseghian,W,64,0,11,12,1966,Home,5,5,0,1
565,1967,9/23/1967,California,1,,Ara Parseghian,W,41,8,9,23,1967,Home,5,5,0,1
567,1967,10/7/1967,Iowa,6,,Ara Parseghian,W,56,6,10,7,1967,Home,1,8,1,1
568,1967,10/14/1967,Southern California,5,1,Ara Parseghian,L,7,24,10,14,1967,Home,10,1,0,1
570,1967,10/28/1967,Michigan State,,,Ara Parseghian,W,24,12,10,28,1967,Home,3,7,0,1
571,1967,11/4/1967,Navy,10,,Ara Parseghian,W,43,14,11,4,1967,Home,5,4,1,1
575,1968,9/21/1968,Oklahoma,3,5,Ara Parseghian,W,45,21,9,21,1968,Home,7,4,0,1
576,1968,9/28/1968,Purdue,2,1,Ara Parseghian,L,22,37,9,28,1968,Home,8,2,0,1
578,1968,10/12/1968,Northwestern,5,,Ara Parseghian,W,27,7,10,12,1968,Home,1,9,0,1
579,1968,10/19/1968,Illinois,6,,Ara Parseghian,W,58,8,10,19,1968,Home,1,9,0,1
581,1968,11/2/1968,Navy,12,,Ara Parseghian,W,45,14,11,2,1968,Home,2,8,0,1
582,1968,11/9/1968,Pittsburgh,12,,Ara Parseghian,W,56,7,11,9,1968,Home,1,9,0,1
583,1968,11/16/1968,Georgia Tech,9,,Ara Parseghian,W,34,6,11,16,1968,Home,4,6,0,1
585,1969,9/20/1969,Northwestern,11,,Ara Parseghian,W,35,10,9,20,1969,Home,3,7,0,1
587,1969,10/4/1969,Michigan State,,14,Ara Parseghian,W,42,28,10,4,1969,Home,4,6,0,1
588,1969,10/11/1969,Army,15,,Ara Parseghian,W,45,0,10,11,1969,Home,4,5,1,1
589,1969,10/18/1969,Southern California,11,3,Ara Parseghian,T,14,14,10,18,1969,Home,10,0,1,1
591,1969,11/1/1969,Navy,10,,Ara Parseghian,W,47,0,11,1,1969,Home,1,9,0,1
594,1969,11/22/1969,Air Force,8,,Ara Parseghian,W,13,6,11,22,1969,Home,6,4,0,1
597,1970,9/26/1970,Purdue,6,,Ara Parseghian,W,48,0,9,26,1970,Home,4,6,0,1
599,1970,10/10/1970,Army,3,,Ara Parseghian,W,51,10,10,10,1970,Home,1,9,1,1
601,1970,10/31/1970,Navy,3,,Ara Parseghian,W,56,7,10,31,1970,Home,2,9,0,1
602,1970,11/7/1970,Pittsburgh,2,,Ara Parseghian,W,46,14,11,7,1970,Home,5,5,0,1
603,1970,11/14/1970,Georgia Tech,1,,Ara Parseghian,W,10,7,11,14,1970,Home,9,3,0,1
604,1970,11/21/1970,Louisiana State,2,7,Ara Parseghian,W,3,0,11,21,1970,Home,9,3,0,1
607,1971,9/18/1971,Northwestern,2,,Ara Parseghian,W,50,7,9,18,1971,Home,7,4,0,1
609,1971,10/2/1971,Michigan State,4,,Ara Parseghian,W,14,2,10,2,1971,Home,6,5,0,1
611,1971,10/16/1971,North Carolina,7,,Ara Parseghian,W,16,0,10,16,1971,Home,9,3,0,1
612,1971,10/23/1971,Southern California,6,,Ara Parseghian,L,14,28,10,23,1971,Home,6,4,1,1
613,1971,10/30/1971,Navy,12,,Ara Parseghian,W,21,0,10,30,1971,Home,3,8,0,1
615,1971,11/13/1971,Tulane,8,,Ara Parseghian,W,21,7,11,13,1971,Home,3,8,0,1
618,1972,9/30/1972,Purdue,10,,Ara Parseghian,W,35,14,9,30,1972,Home,6,5,0,1
620,1972,10/14/1972,Pittsburgh,7,,Ara Parseghian,W,42,16,10,14,1972,Home,1,10,0,1
621,1972,10/21/1972,Missouri,8,,Ara Parseghian,L,26,30,10,21,1972,Home,6,6,0,1
622,1972,10/28/1972,Texas Christian,13,,Ara Parseghian,W,21,0,10,28,1972,Home,5,6,0,1
623,1972,11/4/1972,Navy,12,,Ara Parseghian,W,42,23,11,4,1972,Home,4,7,0,1
625,1972,11/18/1972,Miami,10,,Ara Parseghian,W,20,17,11,18,1972,Home,5,6,0,1
628,1973,9/22/1973,Northwestern,8,,Ara Parseghian,W,44,0,9,22,1973,Home,4,7,0,1
630,1973,10/6/1973,Michigan State,8,,Ara Parseghian,W,14,10,10,6,1973,Home,5,6,0,1
633,1973,10/27/1973,Southern California,8,6,Ara Parseghian,W,23,14,10,27,1973,Home,9,2,1,1
634,1973,11/3/1973,Navy,5,,Ara Parseghian,W,44,7,11,3,1973,Home,4,7,0,1
636,1973,11/22/1973,Air Force,5,,Ara Parseghian,W,48,15,11,22,1973,Home,6,4,0,1
641,1974,9/28/1974,Purdue,2,,Ara Parseghian,L,20,31,9,28,1974,Home,4,6,1,1
643,1974,10/12/1974,Rice,6,,Ara Parseghian,W,10,3,10,12,1974,Home,2,8,1,1
644,1974,10/19/1974,Army,7,,Ara Parseghian,W,48,0,10,19,1974,Home,3,8,0,1
645,1974,10/26/1974,Miami,7,,Ara Parseghian,W,38,7,10,26,1974,Home,6,5,0,1
646,1974,11/2/1974,Navy,7,,Ara Parseghian,W,14,6,11,2,1974,Home,4,7,0,1
647,1974,11/16/1974,Pittsburgh,5,17,Ara Parseghian,W,14,10,11,16,1974,Home,7,4,0,1
648,1974,11/23/1974,Air Force,5,,Ara Parseghian,W,38,0,11,23,1974,Home,2,9,0,1
651,1975,9/15/1975,Boston College,9,,Dan Devine,W,17,3,9,15,1975,Home,7,4,0,1
653,1975,9/27/1975,Northwestern,7,,Dan Devine,W,31,7,9,27,1975,Home,3,8,0,1
654,1975,10/4/1975,Michigan State,8,,Dan Devine,L,3,10,10,4,1975,Home,7,4,0,1
657,1975,10/25/1975,Southern California,14,3,Dan Devine,L,17,24,10,25,1975,Home,7,4,0,1
658,1975,11/1/1975,Navy,15,,Dan Devine,W,31,10,11,1,1975,Home,7,4,0,1
659,1975,11/8/1975,Georgia Tech,12,,Dan Devine,W,24,3,11,8,1975,Home,7,4,0,1
662,1976,9/11/1976,Pittsburgh,11,9,Dan Devine,L,10,31,9,11,1976,Home,12,0,0,1
663,1976,9/18/1976,Purdue,,,Dan Devine,W,23,0,9,18,1976,Home,5,6,0,1
666,1976,10/16/1976,Oregon,14,,Dan Devine,W,41,0,10,16,1976,Home,4,7,0,1
668,1976,10/30/1976,Navy,11,,Dan Devine,W,27,21,10,30,1976,Home,4,7,0,1
670,1976,11/13/1976,Alabama,18,10,Dan Devine,W,21,18,11,13,1976,Home,9,3,0,1
671,1976,11/20/1976,Miami,13,,Dan Devine,W,40,27,11,20,1976,Home,3,8,0,1
675,1977,9/17/1977,Mississippi,3,,Dan Devine,L,13,20,9,17,1977,Home,5,6,0,1
677,1977,10/1/1977,Michigan State,14,,Dan Devine,W,16,6,10,1,1977,Home,7,3,1,1
678,1977,10/15/1977,Army,11,,Dan Devine,W,24,0,10,15,1977,Home,7,4,0,1
679,1977,10/22/1977,Southern California,11,5,Dan Devine,W,49,19,10,22,1977,Home,8,4,0,1
680,1977,10/29/1977,Navy,5,,Dan Devine,W,43,10,10,29,1977,Home,5,6,0,1
681,1977,11/5/1977,Georgia Tech,5,,Dan Devine,W,69,14,11,5,1977,Home,6,5,0,1
683,1977,11/19/1977,Air Force,6,,Dan Devine,W,49,0,11,19,1977,Home,2,8,1,1
686,1978,9/9/1978,Missouri,5,,Dan Devine,L,0,3,9,9,1978,Home,8,4,0,1
687,1978,9/23/1978,Michigan,14,5,Dan Devine,L,14,28,9,23,1978,Home,10,2,0,1
688,1978,9/30/1978,Purdue,,,Dan Devine,W,10,6,9,30,1978,Home,9,2,1,1
690,1978,10/14/1978,Pittsburgh,,9,Dan Devine,W,26,17,10,14,1978,Home,8,4,0,1
692,1978,10/28/1978,Miami,19,,Dan Devine,W,20,0,10,28,1978,Home,6,5,0,1
693,1978,11/4/1978,Navy,15,11,Dan Devine,W,27,7,11,4,1978,Home,9,3,0,1
694,1978,11/11/1978,Tennessee,14,,Dan Devine,W,31,14,11,11,1978,Home,5,5,1,1
700,1979,9/29/1979,Michigan State,15,7,Dan Devine,W,27,3,9,29,1979,Home,5,6,0,1
701,1979,10/6/1979,Georgia Tech,10,,Dan Devine,W,21,13,10,6,1979,Home,4,5,1,1
703,1979,10/20/1979,Southern California,9,4,Dan Devine,L,23,42,10,20,1979,Home,11,0,1,1
704,1979,10/27/1979,South Carolina,14,,Dan Devine,W,18,17,10,27,1979,Home,8,4,0,1
705,1979,11/3/1979,Navy,13,,Dan Devine,W,14,0,11,3,1979,Home,7,4,0,1
707,1979,11/17/1979,Clemson,,14,Dan Devine,L,10,16,11,17,1979,Home,8,4,0,1
708,1979,11/24/1979,Miami,,,Dan Devine,W,40,15,11,24,1979,Home,5,6,0,1
709,1980,9/6/1980,Purdue,11,9,Dan Devine,W,31,10,9,6,1980,Home,9,3,0,1
710,1980,9/20/1980,Michigan,8,14,Dan Devine,W,29,27,9,20,1980,Home,10,2,0,1
712,1980,10/11/1980,Miami,7,13,Dan Devine,W,32,14,10,11,1980,Home,9,3,0,1
713,1980,10/18/1980,Army,5,,Dan Devine,W,30,3,10,18,1980,Home,3,7,1,1
715,1980,11/1/1980,Navy,3,,Dan Devine,W,33,0,11,1,1980,Home,8,4,0,1
717,1980,11/15/1980,Alabama,6,5,Dan Devine,W,7,0,11,15,1980,Home,10,2,0,1
718,1980,11/22/1980,Air Force,2,,Dan Devine,W,24,10,11,22,1980,Home,2,9,1,1
721,1981,9/12/1981,Louisiana State,4,,Gerry Faust,W,27,9,9,12,1981,Home,3,7,1,1
724,1981,10/3/1981,Michigan State,,,Gerry Faust,W,20,7,10,3,1981,Home,5,6,0,1
725,1981,10/10/1981,Florida State,,20,Gerry Faust,L,13,19,10,10,1981,Home,6,5,0,1
726,1981,10/24/1981,Southern California,,5,Gerry Faust,L,7,14,10,24,1981,Home,9,3,0,1
727,1981,10/31/1981,Navy,,,Gerry Faust,W,38,0,10,31,1981,Home,7,4,1,1
728,1981,11/7/1981,Georgia Tech,,,Gerry Faust,W,35,3,11,7,1981,Home,1,10,0,1
732,1982,9/18/1982,Michigan,20,10,Gerry Faust,W,23,17,9,18,1982,Home,8,4,0,1
733,1982,9/25/1982,Purdue,10,,Gerry Faust,W,28,14,9,25,1982,Home,3,8,0,1
735,1982,10/9/1982,Miami,10,17,Gerry Faust,W,16,14,10,9,1982,Home,7,4,0,1
736,1982,10/16/1982,Arizona,9,,Gerry Faust,L,13,16,10,16,1982,Home,6,4,1,1
738,1982,10/30/1982,Navy,,,Gerry Faust,W,27,10,10,30,1982,Home,6,5,0,1
740,1982,11/13/1982,Penn State,13,5,Gerry Faust,L,14,24,11,13,1982,Home,11,1,0,1
744,1983,9/17/1983,Michigan State,4,,Gerry Faust,L,23,28,9,17,1983,Home,4,6,1,1
748,1983,10/15/1983,Army,,,Gerry Faust,W,42,0,10,15,1983,Home,2,9,0,1
749,1983,10/22/1983,Southern California,,,Gerry Faust,W,27,6,10,22,1983,Home,4,6,1,1
750,1983,10/29/1983,Navy,19,,Gerry Faust,W,28,12,10,29,1983,Home,3,8,0,1
751,1983,11/5/1983,Pittsburgh,18,,Gerry Faust,L,16,21,11,5,1983,Home,8,3,1,1
753,1983,11/19/1983,Air Force,,,Gerry Faust,L,22,23,11,19,1983,Home,10,2,0,1
755,1984,9/8/1984,Purdue,7,,Gerry Faust,L,21,23,9,8,1984,Home,7,5,0,1
757,1984,9/22/1984,Colorado,,,Gerry Faust,W,55,14,9,22,1984,Home,1,10,0,1
759,1984,10/6/1984,Miami,16,14,Gerry Faust,L,13,31,10,6,1984,Home,8,5,0,1
760,1984,10/13/1984,Air Force,,,Gerry Faust,L,7,21,10,13,1984,Home,8,4,0,1
761,1984,10/20/1984,South Carolina,,11,Gerry Faust,L,32,36,10,20,1984,Home,10,2,0,1
763,1984,11/3/1984,Navy,,,Gerry Faust,W,18,17,11,3,1984,Home,4,6,1,1
764,1984,11/17/1984,Penn State,,,Gerry Faust,W,44,7,11,17,1984,Home,6,5,0,1
768,1985,9/21/1985,Michigan State,,,Gerry Faust,W,27,10,9,21,1985,Home,7,5,0,1
771,1985,10/19/1985,Army,,19,Gerry Faust,W,24,10,10,19,1985,Home,9,3,0,1
772,1985,10/26/1985,Southern California,,,Gerry Faust,W,37,3,10,26,1985,Home,6,6,0,1
773,1985,11/2/1985,Navy,,,Gerry Faust,W,41,17,11,2,1985,Home,4,7,0,1
774,1985,11/9/1985,Mississippi,,,Gerry Faust,W,37,14,11,9,1985,Home,4,6,1,1
776,1985,11/23/1985,Louisiana State,,17,Gerry Faust,L,7,10,11,23,1985,Home,9,2,1,1
778,1986,9/13/1986,Michigan,,3,Lou Holtz,L,23,24,9,13,1986,Home,11,2,0,1
780,1986,9/27/1986,Purdue,,,Lou Holtz,W,41,9,9,27,1986,Home,3,8,0,1
781,1986,10/4/1986,Alabama,,2,Lou Holtz,L,10,28,10,4,1986,Home,10,3,0,1
782,1986,10/11/1986,Pittsburgh,,,Lou Holtz,L,9,10,10,11,1986,Home,5,5,1,1
783,1986,10/18/1986,Air Force,,,Lou Holtz,W,31,3,10,18,1986,Home,6,5,0,1
784,1986,11/1/1986,Navy,,,Lou Holtz,W,33,14,11,1,1986,Home,3,8,0,1
785,1986,11/8/1986,Southern Methodist,,,Lou Holtz,W,61,29,11,8,1986,Home,6,5,0,1
786,1986,11/15/1986,Penn State,,3,Lou Holtz,L,19,24,11,15,1986,Home,12,0,0,1
790,1987,9/19/1987,Michigan State,9,17,Lou Holtz,W,31,8,9,19,1987,Home,9,2,1,1
794,1987,10/24/1987,Southern California,10,,Lou Holtz,W,26,15,10,24,1987,Home,8,4,0,1
795,1987,10/31/1987,Navy,9,,Lou Holtz,W,56,13,10,31,1987,Home,2,9,0,1
796,1987,11/7/1987,Boston College,9,,Lou Holtz,W,32,25,11,7,1987,Home,5,6,0,1
797,1987,11/14/1987,Alabama,7,11,Lou Holtz,W,37,6,11,14,1987,Home,7,5,0,1
801,1988,9/10/1988,Michigan,13,9,Lou Holtz,W,19,17,9,10,1988,Home,9,2,1,1
803,1988,9/24/1988,Purdue,8,,Lou Holtz,W,52,7,9,24,1988,Home,4,7,0,1
804,1988,10/1/1988,Stanford,5,,Lou Holtz,W,42,14,10,1,1988,Home,3,6,2,1
806,1988,10/15/1988,Miami,4,1,Lou Holtz,W,31,30,10,15,1988,Home,11,1,0,1
807,1988,10/22/1988,Air Force,2,,Lou Holtz,W,41,13,10,22,1988,Home,5,7,0,1
808,1988,10/29/1988,Navy,2,,Lou Holtz,W,22,7,10,29,1988,Home,3,8,0,1
809,1988,11/5/1988,Rice,1,,Lou Holtz,W,54,11,11,5,1988,Home,0,11,0,1
810,1988,11/19/1988,Penn State,1,,Lou Holtz,W,21,3,11,19,1988,Home,5,6,0,1
813,1989,8/31/1989,Virginia,2,,Lou Holtz,W,36,13,8,31,1989,Home,10,3,0,1
815,1989,9/23/1989,Michigan State,1,,Lou Holtz,W,21,13,9,23,1989,Home,8,4,0,1
819,1989,10/21/1989,Southern California,1,9,Lou Holtz,W,28,24,10,21,1989,Home,9,2,1,1
820,1989,10/28/1989,Pittsburgh,1,7,Lou Holtz,W,45,7,10,28,1989,Home,8,3,1,1
821,1989,11/4/1989,Navy,1,,Lou Holtz,W,41,0,11,4,1989,Home,3,8,0,1
822,1989,11/11/1989,Southern Methodist,1,,Lou Holtz,W,59,6,11,11,1989,Home,2,9,0,1
826,1990,9/15/1990,Michigan,1,4,Lou Holtz,W,28,24,9,15,1990,Home,9,3,0,1
828,1990,9/29/1990,Purdue,1,,Lou Holtz,W,37,11,9,29,1990,Home,2,9,0,1
829,1990,10/6/1990,Stanford,1,,Lou Holtz,L,31,36,10,6,1990,Home,5,6,0,1
830,1990,10/13/1990,Air Force,8,,Lou Holtz,W,57,27,10,13,1990,Home,7,5,0,1
831,1990,10/20/1990,Miami,6,2,Lou Holtz,W,29,20,10,20,1990,Home,10,2,0,1
833,1990,11/3/1990,Navy,2,,Lou Holtz,W,52,31,11,3,1990,Home,5,6,0,1
835,1990,11/17/1990,Penn State,1,18,Lou Holtz,L,21,24,11,17,1990,Home,9,3,0,1
838,1991,9/7/1991,Indiana,7,,Lou Holtz,W,49,27,9,7,1991,Home,7,4,1,1
840,1991,9/21/1991,Michigan State,11,,Lou Holtz,W,49,10,9,21,1991,Home,3,8,0,1
843,1991,10/12/1991,Pittsburgh,7,12,Lou Holtz,W,42,7,10,12,1991,Home,6,5,0,1
845,1991,10/26/1991,Southern California,5,,Lou Holtz,W,24,20,10,26,1991,Home,3,8,0,1
846,1991,11/2/1991,Navy,5,,Lou Holtz,W,38,0,11,2,1991,Home,1,10,0,1
847,1991,11/9/1991,Tennessee,5,13,Lou Holtz,L,34,35,11,9,1991,Home,9,3,0,1
851,1992,9/5/1992,Northwestern,3,,Lou Holtz,W,42,7,9,5,1992,Home,3,8,0,1
852,1992,9/12/1992,Michigan,3,6,Lou Holtz,T,17,17,9,12,1992,Home,9,0,3,1
854,1992,9/26/1992,Purdue,6,,Lou Holtz,W,48,0,9,26,1992,Home,4,7,0,1
855,1992,10/3/1992,Stanford,6,18,Lou Holtz,L,16,33,10,3,1992,Home,10,3,0,1
857,1992,10/24/1992,Brigham Young,10,,Lou Holtz,W,42,16,10,24,1992,Home,8,5,0,1
858,1992,10/31/1992,Navy,10,,Lou Holtz,W,38,7,10,31,1992,Home,1,10,0,1
859,1992,11/7/1992,Boston College,8,9,Lou Holtz,W,54,7,11,7,1992,Home,8,3,1,1
860,1992,11/14/1992,Penn State,8,22,Lou Holtz,W,17,16,11,14,1992,Home,7,5,0,1
863,1993,9/4/1993,Northwestern,7,,Lou Holtz,W,27,12,9,4,1993,Home,2,9,0,1
865,1993,9/18/1993,Michigan State,4,,Lou Holtz,W,36,14,9,18,1993,Home,6,6,0,1
868,1993,10/9/1993,Pittsburgh,4,,Lou Holtz,W,44,0,10,9,1993,Home,3,8,0,1
870,1993,10/23/1993,Southern California,2,,Lou Holtz,W,31,13,10,23,1993,Home,8,5,0,1
871,1993,10/30/1993,Navy,2,,Lou Holtz,W,58,27,10,30,1993,Home,4,7,0,1
872,1993,11/13/1993,Florida State,2,1,Lou Holtz,W,31,24,11,13,1993,Home,12,1,0,1
873,1993,11/20/1993,Boston College,1,17,Lou Holtz,L,39,41,11,20,1993,Home,9,3,0,1
875,1994,9/3/1994,Northwestern,3,,Lou Holtz,W,42,15,9,3,1994,Home,3,7,1,1
876,1994,9/10/1994,Michigan,3,6,Lou Holtz,L,24,26,9,10,1994,Home,8,4,0,1
878,1994,9/24/1994,Purdue,9,,Lou Holtz,W,39,21,9,24,1994,Home,4,5,2,1
879,1994,10/1/1994,Stanford,8,,Lou Holtz,W,34,15,10,1,1994,Home,3,7,1,1
881,1994,10/15/1994,Brigham Young,17,,Lou Holtz,L,14,21,10,15,1994,Home,10,3,0,1
882,1994,10/29/1994,Navy,,,Lou Holtz,W,58,21,10,29,1994,Home,3,8,0,1
883,1994,11/12/1994,Florida State,,8,Lou Holtz,L,16,23,11,12,1994,Home,10,1,1,1
884,1994,11/19/1994,Air Force,,,Lou Holtz,W,42,30,11,19,1994,Home,8,4,0,1
887,1995,9/2/1995,Northwestern,9,,Lou Holtz,L,15,17,9,2,1995,Home,10,2,0,1
889,1995,9/16/1995,Vanderbilt,24,,Lou Holtz,W,41,0,9,16,1995,Home,2,9,0,1
890,1995,9/23/1995,Texas,21,13,Lou Holtz,W,55,27,9,23,1995,Home,10,2,1,1
893,1995,10/14/1995,Army,17,,Lou Holtz,W,28,27,10,14,1995,Home,5,5,1,1
894,1995,10/21/1995,Southern California,17,5,Lou Holtz,W,38,10,10,21,1995,Home,9,2,1,1
895,1995,10/28/1995,Boston College,12,,Lou Holtz,W,20,10,10,28,1995,Home,4,8,0,1
896,1995,11/4/1995,Navy,8,,Lou Holtz,W,35,17,11,4,1995,Home,5,6,0,1
900,1996,9/14/1996,Purdue,9,,Lou Holtz,W,35,0,9,14,1996,Home,3,8,0,1
902,1996,9/28/1996,Ohio State,5,4,Lou Holtz,L,16,29,9,28,1996,Home,11,1,0,1
903,1996,10/12/1996,Washington,11,16,Lou Holtz,W,54,20,10,12,1996,Home,9,3,0,1
904,1996,10/19/1996,Air Force,8,,Lou Holtz,L,17,20,10,19,1996,Home,6,5,0,1
905,1996,11/2/1996,Navy,19,,Lou Holtz,W,54,27,11,2,1996,Home,9,3,0,1
907,1996,11/16/1996,Pittsburgh,14,,Lou Holtz,W,60,6,11,16,1996,Home,4,7,0,1
908,1996,11/23/1996,Rutgers,10,,Lou Holtz,W,62,0,11,23,1996,Home,2,9,0,1
910,1997,9/6/1997,Georgia Tech,11,,Bob Davie,W,17,13,9,6,1997,Home,7,5,0,1
912,1997,9/20/1997,Michigan State,,17,Bob Davie,L,7,23,9,20,1997,Home,7,5,0,1
916,1997,10/18/1997,Southern California,,,Bob Davie,L,17,20,10,18,1997,Home,6,5,0,1
917,1997,10/25/1997,Boston College,,,Bob Davie,W,52,20,10,25,1997,Home,4,7,0,1
918,1997,11/1/1997,Navy,,,Bob Davie,W,21,17,11,1,1997,Home,7,4,0,1
920,1997,11/22/1997,West Virginia,,22,Bob Davie,W,21,14,11,22,1997,Home,7,5,0,1
923,1998,9/5/1998,Michigan,22,5,Bob Davie,W,36,20,9,5,1998,Home,10,3,0,1
925,1998,9/26/1998,Purdue,23,,Bob Davie,W,31,30,9,26,1998,Home,9,4,0,1
926,1998,10/3/1998,Stanford,23,,Bob Davie,W,35,17,10,3,1998,Home,3,8,0,1
928,1998,10/24/1998,Army,18,,Bob Davie,W,20,17,10,24,1998,Home,3,8,0,1
929,1998,10/31/1998,Baylor,16,,Bob Davie,W,27,3,10,31,1998,Home,2,9,0,1
931,1998,11/14/1998,Navy,12,,Bob Davie,W,30,0,11,14,1998,Home,3,8,0,1
932,1998,11/21/1998,Louisiana State,10,,Bob Davie,W,39,36,11,21,1998,Home,4,7,0,1
935,1999,8/28/1999,Kansas,18,,Bob Davie,W,48,13,8,28,1999,Home,5,7,0,1
938,1999,9/18/1999,Michigan State,24,,Bob Davie,L,13,23,9,18,1999,Home,10,2,0,1
939,1999,10/2/1999,Oklahoma,,23,Bob Davie,W,34,30,10,2,1999,Home,7,5,0,1
940,1999,10/9/1999,Arizona State,,,Bob Davie,W,48,17,10,9,1999,Home,6,6,0,1
941,1999,10/16/1999,Southern California,,,Bob Davie,W,25,24,10,16,1999,Home,6,6,0,1
942,1999,10/30/1999,Navy,,,Bob Davie,W,28,24,10,30,1999,Home,5,7,0,1
945,1999,11/20/1999,Boston College,,25,Bob Davie,L,29,31,11,20,1999,Home,8,4,0,1
947,2000,9/2/2000,Texas A&M,,25,Bob Davie,W,24,10,9,2,2000,Home,7,5,0,1
948,2000,9/9/2000,Nebraska,23,1,Bob Davie,L,24,27,9,9,2000,Home,10,2,0,1
949,2000,9/16/2000,Purdue,21,13,Bob Davie,W,23,21,9,16,2000,Home,8,4,0,1
951,2000,10/7/2000,Stanford,25,,Bob Davie,W,20,14,10,7,2000,Home,5,6,0,1
952,2000,10/14/2000,Navy,20,,Bob Davie,W,45,14,10,14,2000,Home,1,10,0,1
954,2000,10/28/2000,Air Force,19,,Bob Davie,W,34,31,10,28,2000,Home,9,3,0,1
955,2000,11/11/2000,Boston College,11,,Bob Davie,W,28,16,11,11,2000,Home,7,5,0,1
960,2001,9/22/2001,Michigan State,23,,Bob Davie,L,10,17,9,22,2001,Home,7,5,0,1
962,2001,10/6/2001,Pittsburgh,,,Bob Davie,W,24,7,10,6,2001,Home,7,5,0,1
963,2001,10/13/2001,West Virginia,,,Bob Davie,W,34,24,10,13,2001,Home,3,8,0,1
964,2001,10/20/2001,Southern California,,,Bob Davie,W,27,16,10,20,2001,Home,6,6,0,1
966,2001,11/3/2001,Tennessee,,7,Bob Davie,L,18,28,11,3,2001,Home,11,2,0,1
967,2001,11/17/2001,Navy,,,Bob Davie,W,34,16,11,17,2001,Home,0,10,0,1
970,2002,8/31/2002,Maryland,,21,Tyrone Willingham,W,22,0,8,31,2002,Home,11,3,0,1
971,2002,9/7/2002,Purdue,23,,Tyrone Willingham,W,24,17,9,7,2002,Home,7,6,0,1
972,2002,9/14/2002,Michigan,20,7,Tyrone Willingham,W,25,23,9,14,2002,Home,10,3,0,1
974,2002,10/5/2002,Stanford,9,,Tyrone Willingham,W,31,7,10,5,2002,Home,2,9,0,1
975,2002,10/12/2002,Pittsburgh,8,,Tyrone Willingham,W,14,6,10,12,2002,Home,9,4,0,1
978,2002,11/2/2002,Boston College,4,,Tyrone Willingham,L,7,14,11,2,2002,Home,9,4,0,1
979,2002,11/9/2002,Navy,9,,Tyrone Willingham,W,30,23,11,9,2002,Home,2,10,0,1
980,2002,11/23/2002,Rutgers,8,,Tyrone Willingham,W,42,0,11,23,2002,Home,1,11,0,1
983,2003,9/6/2003,Washington State,19,,Tyrone Willingham,W,29,26,9,6,2003,Home,10,3,0,1
985,2003,9/20/2003,Michigan State,,,Tyrone Willingham,L,16,22,9,20,2003,Home,8,5,0,1
988,2003,10/18/2003,Southern California,,5,Tyrone Willingham,L,14,45,10,18,2003,Home,12,1,0,1
990,2003,11/1/2003,Florida State,,5,Tyrone Willingham,L,0,37,11,1,2003,Home,10,3,0,1
991,2003,11/8/2003,Navy,,,Tyrone Willingham,W,27,24,11,8,2003,Home,8,5,0,1
992,2003,11/15/2003,Brigham Young,,,Tyrone Willingham,W,33,14,11,15,2003,Home,4,8,0,1
996,2004,9/11/2004,Michigan,,8,Tyrone Willingham,W,28,20,9,11,2004,Home,9,3,0,1
998,2004,9/25/2004,Washington,,,Tyrone Willingham,W,38,3,9,25,2004,Home,1,10,0,1
999,2004,10/2/2004,Purdue,,15,Tyrone Willingham,L,16,41,10,2,2004,Home,7,5,0,1
1000,2004,10/9/2004,Stanford,,,Tyrone Willingham,W,23,15,10,9,2004,Home,4,7,0,1
1001,2004,10/16/2004,Navy,,,Tyrone Willingham,W,27,9,10,16,2004,Home,10,2,0,1
1002,2004,10/23/2004,Boston College,24,,Tyrone Willingham,L,23,24,10,23,2004,Home,9,3,0,1
1004,2004,11/13/2004,Pittsburgh,24,,Tyrone Willingham,L,38,41,11,13,2004,Home,8,4,0,1
1009,2005,9/17/2005,Michigan State,10,,Charlie Weis,L,41,44,9,17,2005,Home,5,6,0,1
1012,2005,10/15/2005,Southern California,9,1,Charlie Weis,L,31,34,10,15,2005,Home,12,1,0,1
1013,2005,10/22/2005,Brigham Young,9,,Charlie Weis,W,49,23,10,22,2005,Home,6,6,0,1
1014,2005,11/5/2005,Tennessee,8,,Charlie Weis,W,41,21,11,5,2005,Home,5,6,0,1
1015,2005,11/12/2005,Navy,7,,Charlie Weis,W,42,21,11,12,2005,Home,8,4,0,1
1016,2005,11/19/2005,Syracuse,6,,Charlie Weis,W,34,10,11,19,2005,Home,1,10,0,1
1020,2006,9/9/2006,Penn State,4,19,Charlie Weis,W,41,17,9,9,2006,Home,9,4,0,1
1021,2006,9/16/2006,Michigan,2,11,Charlie Weis,L,21,47,9,16,2006,Home,11,2,0,1
1023,2006,9/30/2006,Purdue,12,,Charlie Weis,W,35,21,9,30,2006,Home,8,6,0,1
1024,2006,10/7/2006,Stanford,12,,Charlie Weis,W,31,10,10,7,2006,Home,1,11,0,1
1025,2006,10/21/2006,UCLA,10,,Charlie Weis,W,20,17,10,21,2006,Home,7,6,0,1
1026,2006,10/28/2006,Navy,11,,Charlie Weis,W,38,14,10,28,2006,Home,9,4,0,1
1027,2006,11/4/2006,North Carolina,11,,Charlie Weis,W,45,26,11,4,2006,Home,3,9,0,1
1029,2006,11/18/2006,Army,6,,Charlie Weis,W,41,9,11,18,2006,Home,3,9,0,1
1032,2007,9/1/2007,Georgia Tech,,,Charlie Weis,L,3,33,9,1,2007,Home,7,6,0,1
1035,2007,9/22/2007,Michigan State,,,Charlie Weis,L,14,31,9,22,2007,Home,7,6,0,1
1038,2007,10/13/2007,Boston College,,4,Charlie Weis,L,14,27,10,13,2007,Home,11,3,0,1
1039,2007,10/20/2007,Southern California,,13,Charlie Weis,L,0,38,10,20,2007,Home,11,2,0,1
1040,2007,11/3/2007,Navy,,,Charlie Weis,L,44,46,11,3,2007,Home,8,5,0,1
1041,2007,11/10/2007,Air Force,,,Charlie Weis,L,24,41,11,10,2007,Home,9,4,0,1
1042,2007,11/17/2007,Duke,,,Charlie Weis,W,28,7,11,17,2007,Home,1,11,0,1
1044,2008,9/6/2008,San Diego State,,,Charlie Weis,W,21,13,9,6,2008,Home,2,10,0,1
1045,2008,9/13/2008,Michigan,,,Charlie Weis,W,35,17,9,13,2008,Home,3,9,0,1
1047,2008,9/27/2008,Purdue,,,Charlie Weis,W,38,21,9,27,2008,Home,4,8,0,1
1048,2008,10/4/2008,Stanford,,,Charlie Weis,W,28,21,10,4,2008,Home,5,7,0,1
1051,2008,11/1/2008,Pittsburgh,,,Charlie Weis,L,33,36,11,1,2008,Home,9,4,0,1
1053,2008,11/15/2008,Navy,,,Charlie Weis,W,27,21,11,15,2008,Home,8,5,0,1
1054,2008,11/22/2008,Syracuse,,,Charlie Weis,L,23,24,11,22,2008,Home,3,9,0,1
1057,2009,9/5/2009,Nevada,23,,Charlie Weis,W,35,0,9,5,2009,Home,8,5,0,1
1059,2009,9/19/2009,Michigan State,,,Charlie Weis,W,33,30,9,19,2009,Home,6,7,0,1
1061,2009,10/3/2009,Washington,,,Charlie Weis,W,37,30,10,3,2009,Home,5,7,0,1
1062,2009,10/17/2009,Southern California,25,6,Charlie Weis,L,27,34,10,17,2009,Home,9,4,0,1
1063,2009,10/24/2009,Boston College,,,Charlie Weis,W,20,16,10,24,2009,Home,8,5,0,1
1064,2009,10/31/2009,Washington State,25,,Charlie Weis,W,40,14,10,31,2009,Home,1,11,0,1
1065,2009,11/7/2009,Navy,19,,Charlie Weis,L,21,23,11,7,2009,Home,10,4,0,1
1067,2009,11/21/2009,Connecticut,,,Charlie Weis,L,30,33,11,21,2009,Home,8,5,0,1
1069,2010,9/4/2010,Purdue,,,Brian Kelly,W,23,12,9,4,2010,Home,4,8,0,1
1070,2010,9/11/2010,Michigan,,,Brian Kelly,L,24,28,9,11,2010,Home,7,6,0,1
1072,2010,9/25/2010,Stanford,,16,Brian Kelly,L,14,37,9,25,2010,Home,12,1,0,1
1074,2010,10/9/2010,Pittsburgh,,,Brian Kelly,W,23,17,10,9,2010,Home,8,5,0,1
1075,2010,10/16/2010,Western Michigan,,,Brian Kelly,W,44,20,10,16,2010,Home,6,6,0,1
1076,2010,10/23/2010,Navy,,,Brian Kelly,L,17,35,10,23,2010,Home,9,4,0,1
1077,2010,10/30/2010,Tulsa,,,Brian Kelly,L,27,28,10,30,2010,Home,10,3,0,1
1078,2010,11/13/2010,Utah,,15,Brian Kelly,W,28,3,11,13,2010,Home,10,3,0,1
1079,2010,11/20/2010,Army,,,Brian Kelly,W,27,3,11,20,2010,Home,7,6,0,1
1082,2011,9/3/2011,South Florida,16,,Brian Kelly,L,20,23,9,3,2011,Home,5,7,0,1
1084,2011,9/17/2011,Michigan State,,15,Brian Kelly,W,31,13,9,17,2011,Home,11,3,0,1
1087,2011,10/8/2011,Air Force,,,Brian Kelly,W,59,33,10,8,2011,Home,7,6,0,1
1088,2011,10/22/2011,Southern California,,,Brian Kelly,L,17,31,10,22,2011,Home,10,2,0,1
1089,2011,10/29/2011,Navy,,,Brian Kelly,W,56,14,10,29,2011,Home,5,7,0,1
1091,2011,11/12/2011,Maryland,,,Brian Kelly,W,45,21,11,12,2011,Home,2,10,0,1
1092,2011,11/19/2011,Boston College,24,,Brian Kelly,W,16,14,11,19,2011,Home,4,8,0,1
1095,2012,9/1/2012,Navy,,,Brian Kelly,W,50,10,9,1,2012,Home,8,5,0,1
1096,2012,9/8/2012,Purdue,22,,Brian Kelly,W,20,17,9,8,2012,Home,6,7,0,1
1098,2012,9/22/2012,Michigan,11,18,Brian Kelly,W,13,6,9,22,2012,Home,8,5,0,1
1099,2012,10/6/2012,Miami,9,,Brian Kelly,W,41,3,10,6,2012,Home,7,5,0,1
1100,2012,10/13/2012,Stanford,7,17,Brian Kelly,W,20,13,10,13,2012,Home,12,2,0,1
1101,2012,10/20/2012,Brigham Young,5,,Brian Kelly,W,17,14,10,20,2012,Home,8,5,0,1
1103,2012,11/3/2012,Pittsburgh,4,,Brian Kelly,W,29,26,11,3,2012,Home,6,7,0,1
1105,2012,11/17/2012,Wake Forest,3,,Brian Kelly,W,38,0,11,17,2012,Home,5,7,0,1
1108,2013,8/31/2013,Temple,14,,Brian Kelly,W,28,6,8,31,2013,Home,2,10,0,1
1111,2013,9/21/2013,Michigan State,22,,Brian Kelly,W,17,13,9,21,2013,Home,13,1,0,1
1112,2013,9/28/2013,Oklahoma,22,14,Brian Kelly,L,21,35,9,28,2013,Home,11,2,0,1
1113,2013,10/5/2013,Arizona State,,22,Brian Kelly,W,37,34,10,5,2013,Home,10,4,0,1
1114,2013,10/19/2013,Southern California,,,Brian Kelly,W,14,10,10,19,2013,Home,10,4,0,1
1116,2013,11/2/2013,Navy,,,Brian Kelly,W,38,34,11,2,2013,Home,9,4,0,1
1118,2013,11/23/2013,Brigham Young,,,Brian Kelly,W,23,13,11,23,2013,Home,8,5,0,1
1121,2014,8/30/2014,Rice,17,,Brian Kelly,W,48,17,8,30,2014,Home,8,5,0,1
1122,2014,9/6/2014,Michigan,16,,Brian Kelly,W,31,0,9,6,2014,Home,5,7,0,1
1123,2014,9/13/2014,Purdue,11,,Brian Kelly,W,30,14,9,13,2014,Home,3,9,0,1
1124,2014,9/27/2014,Syracuse,8,,Brian Kelly,W,31,15,9,27,2014,Home,3,9,0,1
1125,2014,10/4/2014,Stanford,9,14,Brian Kelly,W,17,14,10,4,2014,Home,8,5,0,1
1126,2014,10/11/2014,North Carolina,6,,Brian Kelly,W,50,43,10,11,2014,Home,6,7,0,1
1128,2014,11/1/2014,Navy,6,,Brian Kelly,W,49,39,11,1,2014,Home,8,5,0,1
1130,2014,11/15/2014,Northwestern,15,,Brian Kelly,L,40,43,11,15,2014,Home,5,7,0,1
1131,2014,11/22/2014,Louisville,,,Brian Kelly,L,28,31,11,22,2014,Home,9,4,0,1
1134,2015,9/5/2015,Texas,11,,Brian Kelly,W,38,3,9,5,2015,Home,5,7,0,1
1136,2015,9/19/2015,Georgia Tech,8,14,Brian Kelly,W,30,22,9,19,2015,Home,3,9,0,1
1137,2015,9/26/2015,Massachusetts,6,,Brian Kelly,W,62,27,9,26,2015,Home,3,9,0,1
1139,2015,10/10/2015,Navy,15,,Brian Kelly,W,41,24,10,10,2015,Home,11,2,0,1
1140,2015,10/17/2015,Southern California,14,,Brian Kelly,W,41,31,10,17,2015,Home,8,6,0,1
1143,2015,11/14/2015,Wake Forest,6,,Brian Kelly,W,28,7,11,14,2015,Home,3,9,0,1
1144,2015,11/21/2015,Boston College,5,,Brian Kelly,W,19,16,11,21,2015,Home,3,9,0,1
1148,2016,9/11/2016,Nevada,18,,Brian Kelly,W,39,10,9,11,2016,Home,5,7,0,1
1149,2016,9/18/2016,Michigan State,18,12,Brian Kelly,L,28,36,9,18,2016,Home,3,9,0,1
1150,2016,9/25/2016,Duke,,,Brian Kelly,L,35,38,9,25,2016,Home,4,8,0,1
1153,2016,10/15/2016,Stanford,,,Brian Kelly,L,10,17,10,15,2016,Home,9,3,0,1
1154,2016,10/29/2016,Miami,,,Brian Kelly,W,30,27,10,29,2016,Home,8,4,0,1
1155,2016,11/5/2016,Navy,,,Brian Kelly,L,27,28,11,5,2016,Home,9,4,0,1
1156,2016,11/12/2016,Army,,,Brian Kelly,W,44,6,11,12,2016,Home,7,5,0,1
1157,2016,11/19/2016,Virginia Tech,,,Brian Kelly,L,31,34,11,19,2016,Home,9,4,0,1
1159,2017,9/2/2017,Temple,,,Brian Kelly,W,49,16,9,2,2017,Home,6,6,0,1
1160,2017,9/9/2017,Georgia,24,15,Brian Kelly,L,19,20,9,9,2017,Home,12,1,0,1
1163,2017,9/30/2017,Miami OH,22,,Brian Kelly,W,52,17,9,30,2017,Home,5,7,0,1
1165,2017,10/21/2017,Southern California,13,11,Brian Kelly,W,49,14,10,21,2017,Home,11,2,0,1
1166,2017,10/28/2017,North Carolina State,9,14,Brian Kelly,W,35,14,10,28,2017,Home,8,4,0,1
1167,2017,11/4/2017,Wake Forest,5,,Brian Kelly,W,48,37,11,4,2017,Home,7,5,0,1
1169,2017,11/18/2017,Navy,9,,Brian Kelly,W,24,17,11,18,2017,Home,6,6,0,1
1172,2018,9/1/2018,Michigan,12,14,Brian Kelly,W,24,17,9,1,2018,Home,10,3,0,1
1173,2018,9/8/2018,Ball State,8,,Brian Kelly,W,24,16,9,8,2018,Home,4,8,0,1
1174,2018,9/15/2018,Vanderbilt,8,,Brian Kelly,W,22,17,9,15,2018,Home,6,7,0,1
1176,2018,9/29/2018,Stanford,8,7,Brian Kelly,W,38,17,9,29,2018,Home,9,4,0,1
1177,2018,10/6/2018,Virginia Tech,6,24,Brian Kelly,W,45,23,10,6,2018,Home,6,7,0,1
1178,2018,10/13/2018,Pittsburgh,5,,Brian Kelly,W,19,14,10,13,2018,Home,7,7,0,1
1181,2018,11/10/2018,Florida State,3,,Brian Kelly,W,42,13,11,10,2018,Home,5,7,0,1
1182,2018,11/17/2018,Syracuse,3,12,Brian Kelly,W,36,3,11,17,2018,Home,10,3,0,1
1186,2019,9/14/2019,New Mexico,7,,Brian Kelly,W,66,14,9,14,2019,Home,2,10,0,1
1188,2019,9/28/2019,Virginia,10,18,Brian Kelly,W,35,20,9,28,2019,Home,9,5,0,1
1189,2019,10/5/2019,Bowling Green,9,,Brian Kelly,W,52,0,10,5,2019,Home,3,9,0,1
1190,2019,10/12/2019,Southern California,9,,Brian Kelly,W,30,27,10,12,2019,Home,8,5,0,1
1192,2019,11/2/2019,Virginia Tech,16,,Brian Kelly,W,21,20,11,2,2019,Home,8,5,0,1
1194,2019,11/16/2019,Navy,16,21,Brian Kelly,W,52,20,11,16,2019,Home,11,2,0,1
1195,2019,11/23/2019,Boston College,15,,Brian Kelly,W,40,7,11,23,2019,Home,6,7,0,1
161,1924,1/1/1925,Stanford,,,Knute Rockne,W,27,10,1,1,1925,Neutral,7,1,1,1
595,1969,1/1/1970,Texas,9,1,Ara Parseghian,L,17,21,1,1,1970,Neutral,11,0,0,1
606,1970,1/1/1971,Texas,6,1,Ara Parseghian,W,24,11,1,1,1971,Neutral,10,1,0,1
627,1972,1/1/1973,Nebraska,12,9,Ara Parseghian,L,6,40,1,1,1973,Neutral,9,2,1,1
638,1973,12/31/1973,Alabama,3,1,Ara Parseghian,W,24,23,12,31,1973,Neutral,11,1,0,1
650,1974,1/1/1975,Alabama,9,2,Ara Parseghian,W,13,11,1,1,1975,Neutral,11,1,0,1
673,1976,12/27/1976,Penn State,15,20,Dan Devine,W,20,9,12,27,1976,Neutral,7,5,0,1
685,1977,1/2/1978,Texas,5,1,Dan Devine,W,38,10,1,2,1978,Neutral,11,1,0,1
697,1978,1/1/1979,Houston,10,9,Dan Devine,W,35,34,1,1,1979,Neutral,9,3,0,1
720,1980,1/1/1981,Georgia,7,1,Dan Devine,L,10,17,1,1,1981,Neutral,12,0,0,1
754,1983,12/29/1983,Boston College,,13,Gerry Faust,W,19,18,12,29,1983,Neutral,9,3,0,1
766,1984,12/29/1984,Southern Methodist,17,10,Gerry Faust,L,20,27,12,29,1984,Neutral,10,2,0,1
800,1987,1/1/1988,Texas A&M,12,13,Lou Holtz,L,10,35,1,1,1988,Neutral,10,2,0,1
812,1988,1/2/1989,West Virginia,1,3,Lou Holtz,W,34,21,1,2,1989,Neutral,11,1,0,1
825,1989,1/1/1990,Colorado,4,1,Lou Holtz,W,21,6,1,1,1990,Neutral,11,1,0,1
837,1990,1/1/1991,Colorado,5,1,Lou Holtz,L,9,10,1,1,1991,Neutral,11,1,1,1
850,1991,1/1/1992,Florida,18,3,Lou Holtz,W,39,28,1,1,1992,Neutral,10,2,0,1
862,1992,1/1/1993,Texas A&M,5,4,Lou Holtz,W,28,3,1,1,1993,Neutral,12,1,0,1
874,1993,1/1/1994,Texas A&M,4,7,Lou Holtz,W,24,21,1,1,1994,Neutral,10,2,0,1
886,1994,1/2/1995,Colorado,,4,Lou Holtz,L,24,41,1,2,1995,Neutral,11,1,0,1
898,1995,1/1/1996,Florida State,6,8,Lou Holtz,L,26,31,1,1,1996,Neutral,10,2,0,1
922,1997,12/28/1997,Louisiana State,,15,Bob Davie,L,9,27,12,28,1997,Neutral,9,3,0,1
934,1998,1/1/1999,Georgia Tech,17,12,Bob Davie,L,28,35,1,1,1999,Neutral,10,2,0,1
958,2000,1/1/2001,Oregon State,10,5,Bob Davie,L,9,41,1,1,2001,Neutral,11,1,0,1
982,2002,1/1/2003,North Carolina State,11,17,Tyrone Willingham,L,6,28,1,1,2003,Neutral,11,3,0,1
1006,2004,12/28/2004,Oregon State,,,Kent Baer,L,21,38,12,28,2004,Neutral,7,5,0,1
1018,2005,1/2/2006,Ohio State,5,4,Charlie Weis,L,20,34,1,2,2006,Neutral,10,2,0,1
1031,2006,1/3/2007,Louisiana State,11,4,Charlie Weis,L,14,41,1,3,2007,Neutral,11,2,0,1
1056,2008,12/24/2008,Hawaii,,,Charlie Weis,W,49,21,12,24,2008,Neutral,7,7,0,1
1081,2010,12/31/2010,Miami,,,Brian Kelly,W,33,17,12,31,2010,Neutral,7,6,0,1
1094,2011,12/29/2011,Florida State,,25,Brian Kelly,L,14,18,12,29,2011,Neutral,9,4,0,1
1107,2012,1/7/2013,Alabama,1,2,Brian Kelly,L,14,42,1,7,2013,Neutral,13,1,0,1
1120,2013,12/28/2013,Rutgers,25,,Brian Kelly,W,29,16,12,28,2013,Neutral,6,7,0,1
1133,2014,12/30/2014,Louisiana State,,22,Brian Kelly,W,31,28,12,30,2014,Neutral,8,5,0,1
1146,2015,1/1/2016,Ohio State,8,7,Brian Kelly,L,28,44,1,1,2016,Neutral,12,1,0,1
1171,2017,1/1/2018,Louisiana State,14,16,Brian Kelly,W,21,17,1,1,2018,Neutral,9,4,0,1
1179,2018,10/27/2018,Navy,3,,Brian Kelly,W,44,22,10,27,2018,Neutral,3,10,0,1
1184,2018,12/29/2018,Clemson,3,2,Brian Kelly,L,3,30,12,29,2018,Neutral,15,0,0,1
1197,2019,12/28/2019,Iowa State,14,,Brian Kelly,W,33,9,12,28,2019,Neutral,7,6,0,1